-- phpMyAdmin SQL Dump
-- version 5.2.0
-- https://www.phpmyadmin.net/
--
-- Máy chủ: 127.0.0.1
-- Thời gian đã tạo: Th12 25, 2022 lúc 02:15 PM
-- Phiên bản máy phục vụ: 10.4.24-MariaDB
-- Phiên bản PHP: 8.1.6

SET SQL_MODE = "NO_AUTO_VALUE_ON_ZERO";
START TRANSACTION;
SET time_zone = "+00:00";


/*!40101 SET @OLD_CHARACTER_SET_CLIENT=@@CHARACTER_SET_CLIENT */;
/*!40101 SET @OLD_CHARACTER_SET_RESULTS=@@CHARACTER_SET_RESULTS */;
/*!40101 SET @OLD_COLLATION_CONNECTION=@@COLLATION_CONNECTION */;
/*!40101 SET NAMES utf8mb4 */;

--
-- Cơ sở dữ liệu: `dw_lottery`
--

-- --------------------------------------------------------

--
-- Cấu trúc bảng cho bảng `date_dim`
--

CREATE TABLE `date_dim` (
  `id_date` int(11) NOT NULL,
  `full_date` varchar(50) COLLATE utf8mb4_unicode_ci DEFAULT NULL,
  `short_date` varchar(50) COLLATE utf8mb4_unicode_ci DEFAULT NULL,
  `day` varchar(20) COLLATE utf8mb4_unicode_ci DEFAULT NULL,
  `date` int(11) DEFAULT NULL,
  `month` int(11) DEFAULT NULL,
  `year` int(11) DEFAULT NULL
) ENGINE=InnoDB DEFAULT CHARSET=utf8mb4 COLLATE=utf8mb4_unicode_ci;

--
-- Đang đổ dữ liệu cho bảng `date_dim`
--

INSERT INTO `date_dim` (`id_date`, `full_date`, `short_date`, `day`, `date`, `month`, `year`) VALUES
(1, 'Thứ 3 01/11/2022', '01/11/2022', 'Thứ 3', 1, 11, 2022),
(2, 'Thứ 5 01/12/2022', '01/12/2022', 'Thứ 5', 1, 12, 2022),
(3, 'Thứ 4 02/11/2022', '02/11/2022', 'Thứ 4', 2, 11, 2022),
(4, 'Thứ 6 02/12/2022', '02/12/2022', 'Thứ 6', 2, 12, 2022),
(5, 'Thứ 5 03/11/2022', '03/11/2022', 'Thứ 5', 3, 11, 2022),
(6, 'Thứ 7 03/12/2022', '03/12/2022', 'Thứ 7', 3, 12, 2022),
(7, 'Thứ 6 04/11/2022', '04/11/2022', 'Thứ 6', 4, 11, 2022),
(8, 'Chủ Nhật 04/12/2022', '04/12/2022', 'Chủ Nhật', 4, 12, 2022),
(9, 'Thứ 7 05/11/2022', '05/11/2022', 'Thứ 7', 5, 11, 2022),
(10, 'Thứ 2 05/12/2022', '05/12/2022', 'Thứ 2', 5, 12, 2022),
(11, 'Chủ Nhật 06/11/2022', '06/11/2022', 'Chủ Nhật', 6, 11, 2022),
(12, 'Thứ 3 06/12/2022', '06/12/2022', 'Thứ 3', 6, 12, 2022),
(13, 'Thứ 2 07/11/2022', '07/11/2022', 'Thứ 2', 7, 11, 2022),
(14, 'Thứ 4 07/12/2022', '07/12/2022', 'Thứ 4', 7, 12, 2022),
(15, 'Thứ 3 08/11/2022', '08/11/2022', 'Thứ 3', 8, 11, 2022),
(16, 'Thứ 5 08/12/2022', '08/12/2022', 'Thứ 5', 8, 12, 2022),
(17, 'Thứ 4 09/11/2022', '09/11/2022', 'Thứ 4', 9, 11, 2022),
(18, 'Thứ 6 09/12/2022', '09/12/2022', 'Thứ 6', 9, 12, 2022),
(19, 'Thứ 5 10/11/2022', '10/11/2022', 'Thứ 5', 10, 11, 2022),
(20, 'Thứ 7 10/12/2022', '10/12/2022', 'Thứ 7', 10, 12, 2022),
(21, 'Thứ 6 11/11/2022', '11/11/2022', 'Thứ 6', 11, 11, 2022),
(22, 'Chủ Nhật 11/12/2022', '11/12/2022', 'Chủ Nhật', 11, 12, 2022),
(23, 'Thứ 7 12/11/2022', '12/11/2022', 'Thứ 7', 12, 11, 2022),
(24, 'Thứ 2 12/12/2022', '12/12/2022', 'Thứ 2', 12, 12, 2022),
(25, 'Chủ Nhật 13/11/2022', '13/11/2022', 'Chủ Nhật', 13, 11, 2022),
(26, 'Thứ 3 13/12/2022', '13/12/2022', 'Thứ 3', 13, 12, 2022),
(27, 'Thứ 2 14/11/2022', '14/11/2022', 'Thứ 2', 14, 11, 2022),
(28, 'Thứ 4 14/12/2022', '14/12/2022', 'Thứ 4', 14, 12, 2022),
(29, 'Thứ 3 15/11/2022', '15/11/2022', 'Thứ 3', 15, 11, 2022),
(30, 'Thứ 5 15/12/2022', '15/12/2022', 'Thứ 5', 15, 12, 2022),
(31, 'Thứ 4 16/11/2022', '16/11/2022', 'Thứ 4', 16, 11, 2022),
(32, 'Thứ 6 16/12/2022', '16/12/2022', 'Thứ 6', 16, 12, 2022),
(33, 'Thứ 5 17/11/2022', '17/11/2022', 'Thứ 5', 17, 11, 2022),
(34, 'Thứ 7 17/12/2022', '17/12/2022', 'Thứ 7', 17, 12, 2022),
(35, 'Thứ 6 18/11/2022', '18/11/2022', 'Thứ 6', 18, 11, 2022),
(36, 'Chủ Nhật 18/12/2022', '18/12/2022', 'Chủ Nhật', 18, 12, 2022),
(37, 'Thứ 7 19/11/2022', '19/11/2022', 'Thứ 7', 19, 11, 2022),
(38, 'Thứ 2 19/12/2022', '19/12/2022', 'Thứ 2', 19, 12, 2022),
(39, 'Chủ Nhật 20/11/2022', '20/11/2022', 'Chủ Nhật', 20, 11, 2022),
(40, 'Thứ 3 20/12/2022', '20/12/2022', 'Thứ 3', 20, 12, 2022),
(41, 'Thứ 2 21/11/2022', '21/11/2022', 'Thứ 2', 21, 11, 2022),
(42, 'Thứ 4 21/12/2022', '21/12/2022', 'Thứ 4', 21, 12, 2022),
(43, 'Thứ 3 22/11/2022', '22/11/2022', 'Thứ 3', 22, 11, 2022),
(44, 'Thứ 5 22/12/2022', '22/12/2022', 'Thứ 5', 22, 12, 2022),
(45, 'Thứ 4 23/11/2022', '23/11/2022', 'Thứ 4', 23, 11, 2022),
(46, 'Thứ 6 23/12/2022', '23/12/2022', 'Thứ 6', 23, 12, 2022),
(47, 'Thứ 5 24/11/2022', '24/11/2022', 'Thứ 5', 24, 11, 2022),
(48, 'Thứ 7 24/12/2022', '24/12/2022', 'Thứ 7', 24, 12, 2022),
(49, 'Thứ 6 25/11/2022', '25/11/2022', 'Thứ 6', 25, 11, 2022),
(50, 'Thứ 7 26/11/2022', '26/11/2022', 'Thứ 7', 26, 11, 2022),
(51, 'Chủ Nhật 27/11/2022', '27/11/2022', 'Chủ Nhật', 27, 11, 2022),
(52, 'Thứ 2 28/11/2022', '28/11/2022', 'Thứ 2', 28, 11, 2022),
(53, 'Thứ 3 29/11/2022', '29/11/2022', 'Thứ 3', 29, 11, 2022),
(54, 'Thứ 4 30/11/2022', '30/11/2022', 'Thứ 4', 30, 11, 2022),
(55, 'Chủ Nhật 25/12/2022', '25/12/2022', 'Chủ Nhật', 25, 12, 2022);

-- --------------------------------------------------------

--
-- Cấu trúc bảng cho bảng `lottery`
--

CREATE TABLE `lottery` (
  `id_lot` int(11) NOT NULL,
  `nk_id_lot` varchar(100) COLLATE utf8mb4_unicode_ci DEFAULT NULL,
  `id_date` int(11) DEFAULT NULL,
  `id_sour` int(11) DEFAULT NULL,
  `id_pro` int(11) DEFAULT NULL,
  `is_delete` varchar(5) COLLATE utf8mb4_unicode_ci DEFAULT 'FALSE',
  `update_date` date DEFAULT current_timestamp(),
  `expried_date` date DEFAULT '9999-12-31'
) ENGINE=InnoDB DEFAULT CHARSET=utf8mb4 COLLATE=utf8mb4_unicode_ci;

--
-- Đang đổ dữ liệu cho bảng `lottery`
--

INSERT INTO `lottery` (`id_lot`, `nk_id_lot`, `id_date`, `id_sour`, `id_pro`, `is_delete`, `update_date`, `expried_date`) VALUES
(1, 'xosodaiphat_01-11-2022_bac-lieu', 1, 1, 1, 'FALSE', '2022-12-25', '9999-12-31'),
(2, 'xosodaiphat_01-11-2022_ben-tre', 1, 1, 2, 'FALSE', '2022-12-25', '9999-12-31'),
(3, 'xosodaiphat_01-11-2022_vung-tau', 1, 1, 3, 'FALSE', '2022-12-25', '9999-12-31'),
(4, 'xosodaiphat_01-12-2022_an-giang', 2, 1, 4, 'FALSE', '2022-12-25', '9999-12-31'),
(5, 'xosodaiphat_01-12-2022_binh-thuan', 2, 1, 5, 'FALSE', '2022-12-25', '9999-12-31'),
(6, 'xosodaiphat_01-12-2022_tay-ninh', 2, 1, 6, 'FALSE', '2022-12-25', '9999-12-31'),
(7, 'xosodaiphat_02-11-2022_can-tho', 3, 1, 7, 'FALSE', '2022-12-25', '9999-12-31'),
(8, 'xosodaiphat_02-11-2022_dong-nai', 3, 1, 8, 'FALSE', '2022-12-25', '9999-12-31'),
(9, 'xosodaiphat_02-11-2022_soc-trang', 3, 1, 9, 'FALSE', '2022-12-25', '9999-12-31'),
(10, 'xosodaiphat_02-12-2022_binh-duong', 4, 1, 10, 'FALSE', '2022-12-25', '9999-12-31'),
(11, 'xosodaiphat_02-12-2022_tra-vinh', 4, 1, 11, 'FALSE', '2022-12-25', '9999-12-31'),
(12, 'xosodaiphat_02-12-2022_vinh-long', 4, 1, 12, 'FALSE', '2022-12-25', '9999-12-31'),
(13, 'xosodaiphat_03-11-2022_an-giang', 5, 1, 4, 'FALSE', '2022-12-25', '9999-12-31'),
(14, 'xosodaiphat_03-11-2022_binh-thuan', 5, 1, 5, 'FALSE', '2022-12-25', '9999-12-31'),
(15, 'xosodaiphat_03-11-2022_tay-ninh', 5, 1, 6, 'FALSE', '2022-12-25', '9999-12-31'),
(16, 'xosodaiphat_03-12-2022_binh-phuoc', 6, 1, 13, 'FALSE', '2022-12-25', '9999-12-31'),
(17, 'xosodaiphat_03-12-2022_hau-giang', 6, 1, 14, 'FALSE', '2022-12-25', '9999-12-31'),
(18, 'xosodaiphat_03-12-2022_long-an', 6, 1, 15, 'FALSE', '2022-12-25', '9999-12-31'),
(19, 'xosodaiphat_03-12-2022_tphcm', 6, 1, 16, 'FALSE', '2022-12-25', '9999-12-31'),
(20, 'xosodaiphat_04-11-2022_binh-duong', 7, 1, 10, 'FALSE', '2022-12-25', '9999-12-31'),
(21, 'xosodaiphat_04-11-2022_tra-vinh', 7, 1, 11, 'FALSE', '2022-12-25', '9999-12-31'),
(22, 'xosodaiphat_04-11-2022_vinh-long', 7, 1, 12, 'FALSE', '2022-12-25', '9999-12-31'),
(23, 'xosodaiphat_04-12-2022_da-lat', 8, 1, 17, 'FALSE', '2022-12-25', '9999-12-31'),
(24, 'xosodaiphat_04-12-2022_kien-giang', 8, 1, 18, 'FALSE', '2022-12-25', '9999-12-31'),
(25, 'xosodaiphat_04-12-2022_tien-giang', 8, 1, 19, 'FALSE', '2022-12-25', '9999-12-31'),
(26, 'xosodaiphat_05-11-2022_binh-phuoc', 9, 1, 13, 'FALSE', '2022-12-25', '9999-12-31'),
(27, 'xosodaiphat_05-11-2022_hau-giang', 9, 1, 14, 'FALSE', '2022-12-25', '9999-12-31'),
(28, 'xosodaiphat_05-11-2022_long-an', 9, 1, 15, 'FALSE', '2022-12-25', '9999-12-31'),
(29, 'xosodaiphat_05-11-2022_tphcm', 9, 1, 16, 'FALSE', '2022-12-25', '9999-12-31'),
(30, 'xosodaiphat_05-12-2022_ca-mau', 10, 1, 20, 'FALSE', '2022-12-25', '9999-12-31'),
(31, 'xosodaiphat_05-12-2022_dong-thap', 10, 1, 21, 'FALSE', '2022-12-25', '9999-12-31'),
(32, 'xosodaiphat_05-12-2022_tphcm', 10, 1, 16, 'FALSE', '2022-12-25', '9999-12-31'),
(33, 'xosodaiphat_06-11-2022_da-lat', 11, 1, 17, 'FALSE', '2022-12-25', '9999-12-31'),
(34, 'xosodaiphat_06-11-2022_kien-giang', 11, 1, 18, 'FALSE', '2022-12-25', '9999-12-31'),
(35, 'xosodaiphat_06-11-2022_tien-giang', 11, 1, 19, 'FALSE', '2022-12-25', '9999-12-31'),
(36, 'xosodaiphat_06-12-2022_bac-lieu', 12, 1, 1, 'FALSE', '2022-12-25', '9999-12-31'),
(37, 'xosodaiphat_06-12-2022_ben-tre', 12, 1, 2, 'FALSE', '2022-12-25', '9999-12-31'),
(38, 'xosodaiphat_06-12-2022_vung-tau', 12, 1, 3, 'FALSE', '2022-12-25', '9999-12-31'),
(39, 'xosodaiphat_07-11-2022_ca-mau', 13, 1, 20, 'FALSE', '2022-12-25', '9999-12-31'),
(40, 'xosodaiphat_07-11-2022_dong-thap', 13, 1, 21, 'FALSE', '2022-12-25', '9999-12-31'),
(41, 'xosodaiphat_07-11-2022_tphcm', 13, 1, 16, 'FALSE', '2022-12-25', '9999-12-31'),
(42, 'xosodaiphat_07-12-2022_can-tho', 14, 1, 7, 'FALSE', '2022-12-25', '9999-12-31'),
(43, 'xosodaiphat_07-12-2022_dong-nai', 14, 1, 8, 'FALSE', '2022-12-25', '9999-12-31'),
(44, 'xosodaiphat_07-12-2022_soc-trang', 14, 1, 9, 'FALSE', '2022-12-25', '9999-12-31'),
(45, 'xosodaiphat_08-11-2022_bac-lieu', 15, 1, 1, 'FALSE', '2022-12-25', '9999-12-31'),
(46, 'xosodaiphat_08-11-2022_ben-tre', 15, 1, 2, 'FALSE', '2022-12-25', '9999-12-31'),
(47, 'xosodaiphat_08-11-2022_vung-tau', 15, 1, 3, 'FALSE', '2022-12-25', '9999-12-31'),
(48, 'xosodaiphat_08-12-2022_an-giang', 16, 1, 4, 'FALSE', '2022-12-25', '9999-12-31'),
(49, 'xosodaiphat_08-12-2022_binh-thuan', 16, 1, 5, 'FALSE', '2022-12-25', '9999-12-31'),
(50, 'xosodaiphat_08-12-2022_tay-ninh', 16, 1, 6, 'FALSE', '2022-12-25', '9999-12-31'),
(51, 'xosodaiphat_09-11-2022_can-tho', 17, 1, 7, 'FALSE', '2022-12-25', '9999-12-31'),
(52, 'xosodaiphat_09-11-2022_dong-nai', 17, 1, 8, 'FALSE', '2022-12-25', '9999-12-31'),
(53, 'xosodaiphat_09-11-2022_soc-trang', 17, 1, 9, 'FALSE', '2022-12-25', '9999-12-31'),
(54, 'xosodaiphat_09-12-2022_binh-duong', 18, 1, 10, 'FALSE', '2022-12-25', '9999-12-31'),
(55, 'xosodaiphat_09-12-2022_tra-vinh', 18, 1, 11, 'FALSE', '2022-12-25', '9999-12-31'),
(56, 'xosodaiphat_09-12-2022_vinh-long', 18, 1, 12, 'FALSE', '2022-12-25', '9999-12-31'),
(57, 'xosodaiphat_10-11-2022_an-giang', 19, 1, 4, 'FALSE', '2022-12-25', '9999-12-31'),
(58, 'xosodaiphat_10-11-2022_binh-thuan', 19, 1, 5, 'FALSE', '2022-12-25', '9999-12-31'),
(59, 'xosodaiphat_10-11-2022_tay-ninh', 19, 1, 6, 'FALSE', '2022-12-25', '9999-12-31'),
(60, 'xosodaiphat_10-12-2022_binh-phuoc', 20, 1, 13, 'FALSE', '2022-12-25', '9999-12-31'),
(61, 'xosodaiphat_10-12-2022_hau-giang', 20, 1, 14, 'FALSE', '2022-12-25', '9999-12-31'),
(62, 'xosodaiphat_10-12-2022_long-an', 20, 1, 15, 'FALSE', '2022-12-25', '9999-12-31'),
(63, 'xosodaiphat_10-12-2022_tphcm', 20, 1, 16, 'FALSE', '2022-12-25', '9999-12-31'),
(64, 'xosodaiphat_11-11-2022_binh-duong', 21, 1, 10, 'FALSE', '2022-12-25', '9999-12-31'),
(65, 'xosodaiphat_11-11-2022_tra-vinh', 21, 1, 11, 'FALSE', '2022-12-25', '9999-12-31'),
(66, 'xosodaiphat_11-11-2022_vinh-long', 21, 1, 12, 'FALSE', '2022-12-25', '9999-12-31'),
(67, 'xosodaiphat_11-12-2022_da-lat', 22, 1, 17, 'FALSE', '2022-12-25', '9999-12-31'),
(68, 'xosodaiphat_11-12-2022_kien-giang', 22, 1, 18, 'FALSE', '2022-12-25', '9999-12-31'),
(69, 'xosodaiphat_11-12-2022_tien-giang', 22, 1, 19, 'FALSE', '2022-12-25', '9999-12-31'),
(70, 'xosodaiphat_12-11-2022_binh-phuoc', 23, 1, 13, 'FALSE', '2022-12-25', '9999-12-31'),
(71, 'xosodaiphat_12-11-2022_hau-giang', 23, 1, 14, 'FALSE', '2022-12-25', '9999-12-31'),
(72, 'xosodaiphat_12-11-2022_long-an', 23, 1, 15, 'FALSE', '2022-12-25', '9999-12-31'),
(73, 'xosodaiphat_12-11-2022_tphcm', 23, 1, 16, 'FALSE', '2022-12-25', '9999-12-31'),
(74, 'xosodaiphat_12-12-2022_ca-mau', 24, 1, 20, 'FALSE', '2022-12-25', '9999-12-31'),
(75, 'xosodaiphat_12-12-2022_dong-thap', 24, 1, 21, 'FALSE', '2022-12-25', '9999-12-31'),
(76, 'xosodaiphat_12-12-2022_tphcm', 24, 1, 16, 'FALSE', '2022-12-25', '9999-12-31'),
(77, 'xosodaiphat_13-11-2022_da-lat', 25, 1, 17, 'FALSE', '2022-12-25', '9999-12-31'),
(78, 'xosodaiphat_13-11-2022_kien-giang', 25, 1, 18, 'FALSE', '2022-12-25', '9999-12-31'),
(79, 'xosodaiphat_13-11-2022_tien-giang', 25, 1, 19, 'FALSE', '2022-12-25', '9999-12-31'),
(80, 'xosodaiphat_13-12-2022_bac-lieu', 26, 1, 1, 'FALSE', '2022-12-25', '9999-12-31'),
(81, 'xosodaiphat_13-12-2022_ben-tre', 26, 1, 2, 'FALSE', '2022-12-25', '9999-12-31'),
(82, 'xosodaiphat_13-12-2022_vung-tau', 26, 1, 3, 'FALSE', '2022-12-25', '9999-12-31'),
(83, 'xosodaiphat_14-11-2022_ca-mau', 27, 1, 20, 'FALSE', '2022-12-25', '9999-12-31'),
(84, 'xosodaiphat_14-11-2022_dong-thap', 27, 1, 21, 'FALSE', '2022-12-25', '9999-12-31'),
(85, 'xosodaiphat_14-11-2022_tphcm', 27, 1, 16, 'FALSE', '2022-12-25', '9999-12-31'),
(86, 'xosodaiphat_14-12-2022_can-tho', 28, 1, 7, 'FALSE', '2022-12-25', '9999-12-31'),
(87, 'xosodaiphat_14-12-2022_dong-nai', 28, 1, 8, 'FALSE', '2022-12-25', '9999-12-31'),
(88, 'xosodaiphat_14-12-2022_soc-trang', 28, 1, 9, 'FALSE', '2022-12-25', '9999-12-31'),
(89, 'xosodaiphat_15-11-2022_bac-lieu', 29, 1, 1, 'FALSE', '2022-12-25', '9999-12-31'),
(90, 'xosodaiphat_15-11-2022_ben-tre', 29, 1, 2, 'FALSE', '2022-12-25', '9999-12-31'),
(91, 'xosodaiphat_15-11-2022_vung-tau', 29, 1, 3, 'FALSE', '2022-12-25', '9999-12-31'),
(92, 'xosodaiphat_15-12-2022_an-giang', 30, 1, 4, 'FALSE', '2022-12-25', '9999-12-31'),
(93, 'xosodaiphat_15-12-2022_binh-thuan', 30, 1, 5, 'FALSE', '2022-12-25', '9999-12-31'),
(94, 'xosodaiphat_15-12-2022_tay-ninh', 30, 1, 6, 'FALSE', '2022-12-25', '9999-12-31'),
(95, 'xosodaiphat_16-11-2022_can-tho', 31, 1, 7, 'FALSE', '2022-12-25', '9999-12-31'),
(96, 'xosodaiphat_16-11-2022_dong-nai', 31, 1, 8, 'FALSE', '2022-12-25', '9999-12-31'),
(97, 'xosodaiphat_16-11-2022_soc-trang', 31, 1, 9, 'FALSE', '2022-12-25', '9999-12-31'),
(98, 'xosodaiphat_16-12-2022_binh-duong', 32, 1, 10, 'FALSE', '2022-12-25', '9999-12-31'),
(99, 'xosodaiphat_16-12-2022_tra-vinh', 32, 1, 11, 'FALSE', '2022-12-25', '9999-12-31'),
(100, 'xosodaiphat_16-12-2022_vinh-long', 32, 1, 12, 'FALSE', '2022-12-25', '9999-12-31'),
(101, 'xosodaiphat_17-11-2022_an-giang', 33, 1, 4, 'FALSE', '2022-12-25', '9999-12-31'),
(102, 'xosodaiphat_17-11-2022_binh-thuan', 33, 1, 5, 'FALSE', '2022-12-25', '9999-12-31'),
(103, 'xosodaiphat_17-11-2022_tay-ninh', 33, 1, 6, 'FALSE', '2022-12-25', '9999-12-31'),
(104, 'xosodaiphat_17-12-2022_binh-phuoc', 34, 1, 13, 'FALSE', '2022-12-25', '9999-12-31'),
(105, 'xosodaiphat_17-12-2022_hau-giang', 34, 1, 14, 'FALSE', '2022-12-25', '9999-12-31'),
(106, 'xosodaiphat_17-12-2022_long-an', 34, 1, 15, 'FALSE', '2022-12-25', '9999-12-31'),
(107, 'xosodaiphat_17-12-2022_tphcm', 34, 1, 16, 'FALSE', '2022-12-25', '9999-12-31'),
(108, 'xosodaiphat_18-11-2022_binh-duong', 35, 1, 10, 'FALSE', '2022-12-25', '9999-12-31'),
(109, 'xosodaiphat_18-11-2022_tra-vinh', 35, 1, 11, 'FALSE', '2022-12-25', '9999-12-31'),
(110, 'xosodaiphat_18-11-2022_vinh-long', 35, 1, 12, 'FALSE', '2022-12-25', '9999-12-31'),
(111, 'xosodaiphat_18-12-2022_da-lat', 36, 1, 17, 'FALSE', '2022-12-25', '9999-12-31'),
(112, 'xosodaiphat_18-12-2022_kien-giang', 36, 1, 18, 'FALSE', '2022-12-25', '9999-12-31'),
(113, 'xosodaiphat_18-12-2022_tien-giang', 36, 1, 19, 'FALSE', '2022-12-25', '9999-12-31'),
(114, 'xosodaiphat_19-11-2022_binh-phuoc', 37, 1, 13, 'FALSE', '2022-12-25', '9999-12-31'),
(115, 'xosodaiphat_19-11-2022_hau-giang', 37, 1, 14, 'FALSE', '2022-12-25', '9999-12-31'),
(116, 'xosodaiphat_19-11-2022_long-an', 37, 1, 15, 'FALSE', '2022-12-25', '9999-12-31'),
(117, 'xosodaiphat_19-11-2022_tphcm', 37, 1, 16, 'FALSE', '2022-12-25', '9999-12-31'),
(118, 'xosodaiphat_19-12-2022_ca-mau', 38, 1, 20, 'FALSE', '2022-12-25', '9999-12-31'),
(119, 'xosodaiphat_19-12-2022_dong-thap', 38, 1, 21, 'FALSE', '2022-12-25', '9999-12-31'),
(120, 'xosodaiphat_19-12-2022_tphcm', 38, 1, 16, 'FALSE', '2022-12-25', '9999-12-31'),
(121, 'xosodaiphat_20-11-2022_da-lat', 39, 1, 17, 'FALSE', '2022-12-25', '9999-12-31'),
(122, 'xosodaiphat_20-11-2022_kien-giang', 39, 1, 18, 'FALSE', '2022-12-25', '9999-12-31'),
(123, 'xosodaiphat_20-11-2022_tien-giang', 39, 1, 19, 'FALSE', '2022-12-25', '9999-12-31'),
(124, 'xosodaiphat_20-12-2022_bac-lieu', 40, 1, 1, 'FALSE', '2022-12-25', '9999-12-31'),
(125, 'xosodaiphat_20-12-2022_ben-tre', 40, 1, 2, 'FALSE', '2022-12-25', '9999-12-31'),
(126, 'xosodaiphat_20-12-2022_vung-tau', 40, 1, 3, 'FALSE', '2022-12-25', '9999-12-31'),
(127, 'xosodaiphat_21-11-2022_ca-mau', 41, 1, 20, 'FALSE', '2022-12-25', '9999-12-31'),
(128, 'xosodaiphat_21-11-2022_dong-thap', 41, 1, 21, 'FALSE', '2022-12-25', '9999-12-31'),
(129, 'xosodaiphat_21-11-2022_tphcm', 41, 1, 16, 'FALSE', '2022-12-25', '9999-12-31'),
(130, 'xosodaiphat_21-12-2022_can-tho', 42, 1, 7, 'FALSE', '2022-12-25', '9999-12-31'),
(131, 'xosodaiphat_21-12-2022_dong-nai', 42, 1, 8, 'FALSE', '2022-12-25', '9999-12-31'),
(132, 'xosodaiphat_21-12-2022_soc-trang', 42, 1, 9, 'FALSE', '2022-12-25', '9999-12-31'),
(133, 'xosodaiphat_22-11-2022_bac-lieu', 43, 1, 1, 'FALSE', '2022-12-25', '9999-12-31'),
(134, 'xosodaiphat_22-11-2022_ben-tre', 43, 1, 2, 'FALSE', '2022-12-25', '9999-12-31'),
(135, 'xosodaiphat_22-11-2022_vung-tau', 43, 1, 3, 'FALSE', '2022-12-25', '9999-12-31'),
(136, 'xosodaiphat_22-12-2022_an-giang', 44, 1, 4, 'FALSE', '2022-12-25', '9999-12-31'),
(137, 'xosodaiphat_22-12-2022_binh-thuan', 44, 1, 5, 'FALSE', '2022-12-25', '9999-12-31'),
(138, 'xosodaiphat_22-12-2022_tay-ninh', 44, 1, 6, 'FALSE', '2022-12-25', '9999-12-31'),
(139, 'xosodaiphat_23-11-2022_can-tho', 45, 1, 7, 'FALSE', '2022-12-25', '9999-12-31'),
(140, 'xosodaiphat_23-11-2022_dong-nai', 45, 1, 8, 'FALSE', '2022-12-25', '9999-12-31'),
(141, 'xosodaiphat_23-11-2022_soc-trang', 45, 1, 9, 'FALSE', '2022-12-25', '9999-12-31'),
(142, 'xosodaiphat_23-12-2022_binh-duong', 46, 1, 10, 'FALSE', '2022-12-25', '9999-12-31'),
(143, 'xosodaiphat_23-12-2022_tra-vinh', 46, 1, 11, 'FALSE', '2022-12-25', '9999-12-31'),
(144, 'xosodaiphat_23-12-2022_vinh-long', 46, 1, 12, 'FALSE', '2022-12-25', '9999-12-31'),
(145, 'xosodaiphat_24-11-2022_an-giang', 47, 1, 4, 'FALSE', '2022-12-25', '9999-12-31'),
(146, 'xosodaiphat_24-11-2022_binh-thuan', 47, 1, 5, 'FALSE', '2022-12-25', '9999-12-31'),
(147, 'xosodaiphat_24-11-2022_tay-ninh', 47, 1, 6, 'FALSE', '2022-12-25', '9999-12-31'),
(148, 'xosodaiphat_24-12-2022_binh-phuoc', 48, 1, 13, 'FALSE', '2022-12-25', '9999-12-31'),
(149, 'xosodaiphat_24-12-2022_hau-giang', 48, 1, 14, 'FALSE', '2022-12-25', '9999-12-31'),
(150, 'xosodaiphat_24-12-2022_long-an', 48, 1, 15, 'FALSE', '2022-12-25', '9999-12-31'),
(151, 'xosodaiphat_24-12-2022_tphcm', 48, 1, 16, 'FALSE', '2022-12-25', '9999-12-31'),
(152, 'xosodaiphat_25-11-2022_binh-duong', 49, 1, 10, 'FALSE', '2022-12-25', '9999-12-31'),
(153, 'xosodaiphat_25-11-2022_tra-vinh', 49, 1, 11, 'FALSE', '2022-12-25', '9999-12-31'),
(154, 'xosodaiphat_25-11-2022_vinh-long', 49, 1, 12, 'FALSE', '2022-12-25', '9999-12-31'),
(155, 'xosodaiphat_26-11-2022_binh-phuoc', 50, 1, 13, 'FALSE', '2022-12-25', '9999-12-31'),
(156, 'xosodaiphat_26-11-2022_hau-giang', 50, 1, 14, 'FALSE', '2022-12-25', '9999-12-31'),
(157, 'xosodaiphat_26-11-2022_long-an', 50, 1, 15, 'FALSE', '2022-12-25', '9999-12-31'),
(158, 'xosodaiphat_26-11-2022_tphcm', 50, 1, 16, 'FALSE', '2022-12-25', '9999-12-31'),
(159, 'xosodaiphat_27-11-2022_da-lat', 51, 1, 17, 'FALSE', '2022-12-25', '9999-12-31'),
(160, 'xosodaiphat_27-11-2022_kien-giang', 51, 1, 18, 'FALSE', '2022-12-25', '9999-12-31'),
(161, 'xosodaiphat_27-11-2022_tien-giang', 51, 1, 19, 'FALSE', '2022-12-25', '9999-12-31'),
(162, 'xosodaiphat_28-11-2022_ca-mau', 52, 1, 20, 'FALSE', '2022-12-25', '9999-12-31'),
(163, 'xosodaiphat_28-11-2022_dong-thap', 52, 1, 21, 'FALSE', '2022-12-25', '9999-12-31'),
(164, 'xosodaiphat_28-11-2022_tphcm', 52, 1, 16, 'FALSE', '2022-12-25', '9999-12-31'),
(165, 'xosodaiphat_29-11-2022_bac-lieu', 53, 1, 1, 'FALSE', '2022-12-25', '9999-12-31'),
(166, 'xosodaiphat_29-11-2022_ben-tre', 53, 1, 2, 'FALSE', '2022-12-25', '9999-12-31'),
(167, 'xosodaiphat_29-11-2022_vung-tau', 53, 1, 3, 'FALSE', '2022-12-25', '9999-12-31'),
(168, 'xosodaiphat_30-11-2022_can-tho', 54, 1, 7, 'FALSE', '2022-12-25', '9999-12-31'),
(169, 'xosodaiphat_30-11-2022_dong-nai', 54, 1, 8, 'FALSE', '2022-12-25', '9999-12-31'),
(170, 'xosodaiphat_30-11-2022_soc-trang', 54, 1, 9, 'FALSE', '2022-12-25', '9999-12-31'),
(171, 'xosodaiphat_25-12-2022_da-lat', 55, 1, 17, 'FALSE', '2022-12-25', '9999-12-31'),
(172, 'xosodaiphat_25-12-2022_kien-giang', 55, 1, 18, 'FALSE', '2022-12-25', '9999-12-31'),
(173, 'xosodaiphat_25-12-2022_tien-giang', 55, 1, 19, 'FALSE', '2022-12-25', '9999-12-31');

-- --------------------------------------------------------

--
-- Cấu trúc bảng cho bảng `prize_dim`
--

CREATE TABLE `prize_dim` (
  `id_pri` int(11) NOT NULL,
  `code_pri` varchar(50) COLLATE utf8mb4_unicode_ci DEFAULT NULL,
  `name` varchar(50) COLLATE utf8mb4_unicode_ci DEFAULT NULL,
  `prize` double DEFAULT NULL
) ENGINE=InnoDB DEFAULT CHARSET=utf8mb4 COLLATE=utf8mb4_unicode_ci;

--
-- Đang đổ dữ liệu cho bảng `prize_dim`
--

INSERT INTO `prize_dim` (`id_pri`, `code_pri`, `name`, `prize`) VALUES
(1, 'giai-8', 'Giải 8', 100000),
(2, 'giai-7', 'Giải 7', 200000),
(3, 'giai-6', 'Giải 6', 400000),
(4, 'giai-5', 'Giải 5', 1000000),
(5, 'giai-4', 'Giải 4', 3000000),
(6, 'giai-3', 'Giải 3', 10000000),
(7, 'giai-2', 'Giải 2', 15000000),
(8, 'giai-1', 'Giải 1', 30000000),
(9, 'giai-db', 'Giải ĐB', 2000000000);

-- --------------------------------------------------------

--
-- Cấu trúc bảng cho bảng `province_dim`
--

CREATE TABLE `province_dim` (
  `id_pro` int(11) NOT NULL,
  `code_pro` varchar(50) COLLATE utf8mb4_unicode_ci DEFAULT NULL,
  `name` varchar(50) COLLATE utf8mb4_unicode_ci DEFAULT NULL
) ENGINE=InnoDB DEFAULT CHARSET=utf8mb4 COLLATE=utf8mb4_unicode_ci;

--
-- Đang đổ dữ liệu cho bảng `province_dim`
--

INSERT INTO `province_dim` (`id_pro`, `code_pro`, `name`) VALUES
(1, 'bac-lieu', 'Bạc Liêu'),
(2, 'ben-tre', 'Bến Tre'),
(3, 'vung-tau', 'Vũng Tàu'),
(4, 'an-giang', 'An Giang'),
(5, 'binh-thuan', 'Bình Thuận'),
(6, 'tay-ninh', 'Tây Ninh'),
(7, 'can-tho', 'Cần Thơ'),
(8, 'dong-nai', 'Đồng Nai'),
(9, 'soc-trang', 'Sóc Trăng'),
(10, 'binh-duong', 'Bình Dương'),
(11, 'tra-vinh', 'Trà Vinh'),
(12, 'vinh-long', 'Vĩnh Long'),
(13, 'binh-phuoc', 'Bình Phước'),
(14, 'hau-giang', 'Hậu Giang'),
(15, 'long-an', 'Long An'),
(16, 'tphcm', 'TPHCM'),
(17, 'da-lat', 'Đà Lạt'),
(18, 'kien-giang', 'Kiên Giang'),
(19, 'tien-giang', 'Tiền Giang'),
(20, 'ca-mau', 'Cà Mau'),
(21, 'dong-thap', 'Đồng Tháp');

-- --------------------------------------------------------

--
-- Cấu trúc bảng cho bảng `result`
--

CREATE TABLE `result` (
  `id_re` int(11) NOT NULL,
  `id_lot` int(11) DEFAULT NULL,
  `id_pri` int(11) DEFAULT NULL,
  `result` varchar(255) COLLATE utf8mb4_unicode_ci DEFAULT NULL,
  `is_delete` varchar(5) COLLATE utf8mb4_unicode_ci DEFAULT 'FALSE',
  `update_date` date DEFAULT current_timestamp(),
  `expried_date` date DEFAULT '9999-12-31'
) ENGINE=InnoDB DEFAULT CHARSET=utf8mb4 COLLATE=utf8mb4_unicode_ci;

--
-- Đang đổ dữ liệu cho bảng `result`
--

INSERT INTO `result` (`id_re`, `id_lot`, `id_pri`, `result`, `is_delete`, `update_date`, `expried_date`) VALUES
(1, 1, 1, '75', 'FALSE', '2022-12-25', '9999-12-31'),
(2, 1, 2, '815', 'FALSE', '2022-12-25', '9999-12-31'),
(3, 1, 3, '0148 2536 5915', 'FALSE', '2022-12-25', '9999-12-31'),
(4, 1, 4, '9531', 'FALSE', '2022-12-25', '9999-12-31'),
(5, 1, 5, '72338 04183 98045 35598 13976 93104 35118', 'FALSE', '2022-12-25', '9999-12-31'),
(6, 1, 6, '46652 42457', 'FALSE', '2022-12-25', '9999-12-31'),
(7, 1, 7, '90991', 'FALSE', '2022-12-25', '9999-12-31'),
(8, 1, 8, '96310', 'FALSE', '2022-12-25', '9999-12-31'),
(9, 1, 9, '856665', 'FALSE', '2022-12-25', '9999-12-31'),
(10, 2, 1, '19', 'FALSE', '2022-12-25', '9999-12-31'),
(11, 2, 2, '552', 'FALSE', '2022-12-25', '9999-12-31'),
(12, 2, 3, '0296 9382 9172', 'FALSE', '2022-12-25', '9999-12-31'),
(13, 2, 4, '5963', 'FALSE', '2022-12-25', '9999-12-31'),
(14, 2, 5, '13402 61187 52095 08813 20936 67716 58252', 'FALSE', '2022-12-25', '9999-12-31'),
(15, 2, 6, '30639 46953', 'FALSE', '2022-12-25', '9999-12-31'),
(16, 2, 7, '38398', 'FALSE', '2022-12-25', '9999-12-31'),
(17, 2, 8, '51241', 'FALSE', '2022-12-25', '9999-12-31'),
(18, 2, 9, '267454', 'FALSE', '2022-12-25', '9999-12-31'),
(19, 3, 1, '60', 'FALSE', '2022-12-25', '9999-12-31'),
(20, 3, 2, '585', 'FALSE', '2022-12-25', '9999-12-31'),
(21, 3, 3, '4059 3694 5144', 'FALSE', '2022-12-25', '9999-12-31'),
(22, 3, 4, '4090', 'FALSE', '2022-12-25', '9999-12-31'),
(23, 3, 5, '81725 93585 75824 81792 31468 11714 84948', 'FALSE', '2022-12-25', '9999-12-31'),
(24, 3, 6, '74804 53727', 'FALSE', '2022-12-25', '9999-12-31'),
(25, 3, 7, '42445', 'FALSE', '2022-12-25', '9999-12-31'),
(26, 3, 8, '72322', 'FALSE', '2022-12-25', '9999-12-31'),
(27, 3, 9, '165010', 'FALSE', '2022-12-25', '9999-12-31'),
(28, 4, 1, '43', 'FALSE', '2022-12-25', '9999-12-31'),
(29, 4, 2, '479', 'FALSE', '2022-12-25', '9999-12-31'),
(30, 4, 3, '7647 0983 6534', 'FALSE', '2022-12-25', '9999-12-31'),
(31, 4, 4, '4628', 'FALSE', '2022-12-25', '9999-12-31'),
(32, 4, 5, '93606 43932 36637 77047 93477 66702 49638', 'FALSE', '2022-12-25', '9999-12-31'),
(33, 4, 6, '14898 23378', 'FALSE', '2022-12-25', '9999-12-31'),
(34, 4, 7, '13913', 'FALSE', '2022-12-25', '9999-12-31'),
(35, 4, 8, '19038', 'FALSE', '2022-12-25', '9999-12-31'),
(36, 4, 9, '916101', 'FALSE', '2022-12-25', '9999-12-31'),
(37, 5, 1, '29', 'FALSE', '2022-12-25', '9999-12-31'),
(38, 5, 2, '489', 'FALSE', '2022-12-25', '9999-12-31'),
(39, 5, 3, '6624 4878 6633', 'FALSE', '2022-12-25', '9999-12-31'),
(40, 5, 4, '7646', 'FALSE', '2022-12-25', '9999-12-31'),
(41, 5, 5, '73118 92235 14711 95385 93994 04986 17171', 'FALSE', '2022-12-25', '9999-12-31'),
(42, 5, 6, '38820 93115', 'FALSE', '2022-12-25', '9999-12-31'),
(43, 5, 7, '85805', 'FALSE', '2022-12-25', '9999-12-31'),
(44, 5, 8, '75166', 'FALSE', '2022-12-25', '9999-12-31'),
(45, 5, 9, '210867', 'FALSE', '2022-12-25', '9999-12-31'),
(46, 6, 1, '74', 'FALSE', '2022-12-25', '9999-12-31'),
(47, 6, 2, '653', 'FALSE', '2022-12-25', '9999-12-31'),
(48, 6, 3, '3139 4067 0737', 'FALSE', '2022-12-25', '9999-12-31'),
(49, 6, 4, '2980', 'FALSE', '2022-12-25', '9999-12-31'),
(50, 6, 5, '70739 52947 11276 86513 64654 57366 34908', 'FALSE', '2022-12-25', '9999-12-31'),
(51, 6, 6, '71262 00391', 'FALSE', '2022-12-25', '9999-12-31'),
(52, 6, 7, '56354', 'FALSE', '2022-12-25', '9999-12-31'),
(53, 6, 8, '55663', 'FALSE', '2022-12-25', '9999-12-31'),
(54, 6, 9, '807836', 'FALSE', '2022-12-25', '9999-12-31'),
(55, 7, 1, '62', 'FALSE', '2022-12-25', '9999-12-31'),
(56, 7, 2, '318', 'FALSE', '2022-12-25', '9999-12-31'),
(57, 7, 3, '4980 8589 1446', 'FALSE', '2022-12-25', '9999-12-31'),
(58, 7, 4, '2915', 'FALSE', '2022-12-25', '9999-12-31'),
(59, 7, 5, '63256 81488 28051 57403 21689 14343 15927', 'FALSE', '2022-12-25', '9999-12-31'),
(60, 7, 6, '79016 46919', 'FALSE', '2022-12-25', '9999-12-31'),
(61, 7, 7, '45961', 'FALSE', '2022-12-25', '9999-12-31'),
(62, 7, 8, '56806', 'FALSE', '2022-12-25', '9999-12-31'),
(63, 7, 9, '439832', 'FALSE', '2022-12-25', '9999-12-31'),
(64, 8, 1, '12', 'FALSE', '2022-12-25', '9999-12-31'),
(65, 8, 2, '351', 'FALSE', '2022-12-25', '9999-12-31'),
(66, 8, 3, '8749 4547 5948', 'FALSE', '2022-12-25', '9999-12-31'),
(67, 8, 4, '6127', 'FALSE', '2022-12-25', '9999-12-31'),
(68, 8, 5, '33232 53604 01343 51563 78306 56772 33303', 'FALSE', '2022-12-25', '9999-12-31'),
(69, 8, 6, '17747 00265', 'FALSE', '2022-12-25', '9999-12-31'),
(70, 8, 7, '44202', 'FALSE', '2022-12-25', '9999-12-31'),
(71, 8, 8, '00596', 'FALSE', '2022-12-25', '9999-12-31'),
(72, 8, 9, '262415', 'FALSE', '2022-12-25', '9999-12-31'),
(73, 9, 1, '82', 'FALSE', '2022-12-25', '9999-12-31'),
(74, 9, 2, '737', 'FALSE', '2022-12-25', '9999-12-31'),
(75, 9, 3, '6202 5062 1581', 'FALSE', '2022-12-25', '9999-12-31'),
(76, 9, 4, '7397', 'FALSE', '2022-12-25', '9999-12-31'),
(77, 9, 5, '87216 31029 47376 42699 28921 73554 06046', 'FALSE', '2022-12-25', '9999-12-31'),
(78, 9, 6, '78891 54077', 'FALSE', '2022-12-25', '9999-12-31'),
(79, 9, 7, '41512', 'FALSE', '2022-12-25', '9999-12-31'),
(80, 9, 8, '67432', 'FALSE', '2022-12-25', '9999-12-31'),
(81, 9, 9, '695342', 'FALSE', '2022-12-25', '9999-12-31'),
(82, 10, 1, '24', 'FALSE', '2022-12-25', '9999-12-31'),
(83, 10, 2, '761', 'FALSE', '2022-12-25', '9999-12-31'),
(84, 10, 3, '5175 8280 8849', 'FALSE', '2022-12-25', '9999-12-31'),
(85, 10, 4, '2688', 'FALSE', '2022-12-25', '9999-12-31'),
(86, 10, 5, '90595 65452 59333 28291 24117 42108 91342', 'FALSE', '2022-12-25', '9999-12-31'),
(87, 10, 6, '77739 10692', 'FALSE', '2022-12-25', '9999-12-31'),
(88, 10, 7, '91943', 'FALSE', '2022-12-25', '9999-12-31'),
(89, 10, 8, '21794', 'FALSE', '2022-12-25', '9999-12-31'),
(90, 10, 9, '101095', 'FALSE', '2022-12-25', '9999-12-31'),
(91, 11, 1, '36', 'FALSE', '2022-12-25', '9999-12-31'),
(92, 11, 2, '775', 'FALSE', '2022-12-25', '9999-12-31'),
(93, 11, 3, '0899 4437 3690', 'FALSE', '2022-12-25', '9999-12-31'),
(94, 11, 4, '4660', 'FALSE', '2022-12-25', '9999-12-31'),
(95, 11, 5, '48846 67847 92016 52451 72153 41240 39446', 'FALSE', '2022-12-25', '9999-12-31'),
(96, 11, 6, '91071 78011', 'FALSE', '2022-12-25', '9999-12-31'),
(97, 11, 7, '00593', 'FALSE', '2022-12-25', '9999-12-31'),
(98, 11, 8, '54702', 'FALSE', '2022-12-25', '9999-12-31'),
(99, 11, 9, '213760', 'FALSE', '2022-12-25', '9999-12-31'),
(100, 12, 1, '03', 'FALSE', '2022-12-25', '9999-12-31'),
(101, 12, 2, '314', 'FALSE', '2022-12-25', '9999-12-31'),
(102, 12, 3, '7570 8705 2863', 'FALSE', '2022-12-25', '9999-12-31'),
(103, 12, 4, '8111', 'FALSE', '2022-12-25', '9999-12-31'),
(104, 12, 5, '37912 83910 42601 34299 67601 22689 46856', 'FALSE', '2022-12-25', '9999-12-31'),
(105, 12, 6, '05665 03179', 'FALSE', '2022-12-25', '9999-12-31'),
(106, 12, 7, '59784', 'FALSE', '2022-12-25', '9999-12-31'),
(107, 12, 8, '77336', 'FALSE', '2022-12-25', '9999-12-31'),
(108, 12, 9, '798559', 'FALSE', '2022-12-25', '9999-12-31'),
(109, 13, 1, '49', 'FALSE', '2022-12-25', '9999-12-31'),
(110, 13, 2, '311', 'FALSE', '2022-12-25', '9999-12-31'),
(111, 13, 3, '7119 8674 3359', 'FALSE', '2022-12-25', '9999-12-31'),
(112, 13, 4, '8435', 'FALSE', '2022-12-25', '9999-12-31'),
(113, 13, 5, '64841 10885 63739 08912 88747 25311 56899', 'FALSE', '2022-12-25', '9999-12-31'),
(114, 13, 6, '38631 85035', 'FALSE', '2022-12-25', '9999-12-31'),
(115, 13, 7, '96146', 'FALSE', '2022-12-25', '9999-12-31'),
(116, 13, 8, '94169', 'FALSE', '2022-12-25', '9999-12-31'),
(117, 13, 9, '284450', 'FALSE', '2022-12-25', '9999-12-31'),
(118, 14, 1, '71', 'FALSE', '2022-12-25', '9999-12-31'),
(119, 14, 2, '336', 'FALSE', '2022-12-25', '9999-12-31'),
(120, 14, 3, '7180 3263 9554', 'FALSE', '2022-12-25', '9999-12-31'),
(121, 14, 4, '3289', 'FALSE', '2022-12-25', '9999-12-31'),
(122, 14, 5, '21985 28631 00034 13700 37604 14576 65276', 'FALSE', '2022-12-25', '9999-12-31'),
(123, 14, 6, '13186 44034', 'FALSE', '2022-12-25', '9999-12-31'),
(124, 14, 7, '99744', 'FALSE', '2022-12-25', '9999-12-31'),
(125, 14, 8, '88379', 'FALSE', '2022-12-25', '9999-12-31'),
(126, 14, 9, '738090', 'FALSE', '2022-12-25', '9999-12-31'),
(127, 15, 1, '72', 'FALSE', '2022-12-25', '9999-12-31'),
(128, 15, 2, '196', 'FALSE', '2022-12-25', '9999-12-31'),
(129, 15, 3, '6360 9243 1064', 'FALSE', '2022-12-25', '9999-12-31'),
(130, 15, 4, '3944', 'FALSE', '2022-12-25', '9999-12-31'),
(131, 15, 5, '24595 97273 51546 25648 11951 13206 03823', 'FALSE', '2022-12-25', '9999-12-31'),
(132, 15, 6, '28127 79133', 'FALSE', '2022-12-25', '9999-12-31'),
(133, 15, 7, '80688', 'FALSE', '2022-12-25', '9999-12-31'),
(134, 15, 8, '17112', 'FALSE', '2022-12-25', '9999-12-31'),
(135, 15, 9, '862273', 'FALSE', '2022-12-25', '9999-12-31'),
(136, 16, 1, '20', 'FALSE', '2022-12-25', '9999-12-31'),
(137, 16, 2, '589', 'FALSE', '2022-12-25', '9999-12-31'),
(138, 16, 3, '6611 7342 6768', 'FALSE', '2022-12-25', '9999-12-31'),
(139, 16, 4, '8598', 'FALSE', '2022-12-25', '9999-12-31'),
(140, 16, 5, '19448 63130 42106 07061 08033 46307 63799', 'FALSE', '2022-12-25', '9999-12-31'),
(141, 16, 6, '75234 94900', 'FALSE', '2022-12-25', '9999-12-31'),
(142, 16, 7, '26155', 'FALSE', '2022-12-25', '9999-12-31'),
(143, 16, 8, '65043', 'FALSE', '2022-12-25', '9999-12-31'),
(144, 16, 9, '378091', 'FALSE', '2022-12-25', '9999-12-31'),
(145, 17, 1, '73', 'FALSE', '2022-12-25', '9999-12-31'),
(146, 17, 2, '738', 'FALSE', '2022-12-25', '9999-12-31'),
(147, 17, 3, '5016 7332 8561', 'FALSE', '2022-12-25', '9999-12-31'),
(148, 17, 4, '2495', 'FALSE', '2022-12-25', '9999-12-31'),
(149, 17, 5, '48137 91857 93464 17502 40015 75684 58798', 'FALSE', '2022-12-25', '9999-12-31'),
(150, 17, 6, '82252 62417', 'FALSE', '2022-12-25', '9999-12-31'),
(151, 17, 7, '75786', 'FALSE', '2022-12-25', '9999-12-31'),
(152, 17, 8, '02775', 'FALSE', '2022-12-25', '9999-12-31'),
(153, 17, 9, '444811', 'FALSE', '2022-12-25', '9999-12-31'),
(154, 18, 1, '48', 'FALSE', '2022-12-25', '9999-12-31'),
(155, 18, 2, '105', 'FALSE', '2022-12-25', '9999-12-31'),
(156, 18, 3, '5271 5799 2563', 'FALSE', '2022-12-25', '9999-12-31'),
(157, 18, 4, '8599', 'FALSE', '2022-12-25', '9999-12-31'),
(158, 18, 5, '97743 64744 18735 50937 42588 11075 74395', 'FALSE', '2022-12-25', '9999-12-31'),
(159, 18, 6, '94917 17602', 'FALSE', '2022-12-25', '9999-12-31'),
(160, 18, 7, '89707', 'FALSE', '2022-12-25', '9999-12-31'),
(161, 18, 8, '54847', 'FALSE', '2022-12-25', '9999-12-31'),
(162, 18, 9, '800724', 'FALSE', '2022-12-25', '9999-12-31'),
(163, 19, 1, '47', 'FALSE', '2022-12-25', '9999-12-31'),
(164, 19, 2, '353', 'FALSE', '2022-12-25', '9999-12-31'),
(165, 19, 3, '7583 1442 8979', 'FALSE', '2022-12-25', '9999-12-31'),
(166, 19, 4, '7607', 'FALSE', '2022-12-25', '9999-12-31'),
(167, 19, 5, '88247 34716 66967 01501 00741 92512 53315', 'FALSE', '2022-12-25', '9999-12-31'),
(168, 19, 6, '83899 68937', 'FALSE', '2022-12-25', '9999-12-31'),
(169, 19, 7, '73073', 'FALSE', '2022-12-25', '9999-12-31'),
(170, 19, 8, '72207', 'FALSE', '2022-12-25', '9999-12-31'),
(171, 19, 9, '628749', 'FALSE', '2022-12-25', '9999-12-31'),
(172, 20, 1, '29', 'FALSE', '2022-12-25', '9999-12-31'),
(173, 20, 2, '861', 'FALSE', '2022-12-25', '9999-12-31'),
(174, 20, 3, '8138 9703 1991', 'FALSE', '2022-12-25', '9999-12-31'),
(175, 20, 4, '8539', 'FALSE', '2022-12-25', '9999-12-31'),
(176, 20, 5, '31161 19493 06744 36061 35803 54381 67369', 'FALSE', '2022-12-25', '9999-12-31'),
(177, 20, 6, '07312 47458', 'FALSE', '2022-12-25', '9999-12-31'),
(178, 20, 7, '99147', 'FALSE', '2022-12-25', '9999-12-31'),
(179, 20, 8, '00970', 'FALSE', '2022-12-25', '9999-12-31'),
(180, 20, 9, '040082', 'FALSE', '2022-12-25', '9999-12-31'),
(181, 21, 1, '69', 'FALSE', '2022-12-25', '9999-12-31'),
(182, 21, 2, '992', 'FALSE', '2022-12-25', '9999-12-31'),
(183, 21, 3, '7503 3454 4061', 'FALSE', '2022-12-25', '9999-12-31'),
(184, 21, 4, '7059', 'FALSE', '2022-12-25', '9999-12-31'),
(185, 21, 5, '71176 86139 49166 08883 39929 48951 46726', 'FALSE', '2022-12-25', '9999-12-31'),
(186, 21, 6, '00169 11940', 'FALSE', '2022-12-25', '9999-12-31'),
(187, 21, 7, '19261', 'FALSE', '2022-12-25', '9999-12-31'),
(188, 21, 8, '17178', 'FALSE', '2022-12-25', '9999-12-31'),
(189, 21, 9, '200850', 'FALSE', '2022-12-25', '9999-12-31'),
(190, 22, 1, '36', 'FALSE', '2022-12-25', '9999-12-31'),
(191, 22, 2, '189', 'FALSE', '2022-12-25', '9999-12-31'),
(192, 22, 3, '0627 5732 4678', 'FALSE', '2022-12-25', '9999-12-31'),
(193, 22, 4, '7821', 'FALSE', '2022-12-25', '9999-12-31'),
(194, 22, 5, '99938 95119 74033 16273 33094 26791 85261', 'FALSE', '2022-12-25', '9999-12-31'),
(195, 22, 6, '49517 38731', 'FALSE', '2022-12-25', '9999-12-31'),
(196, 22, 7, '10544', 'FALSE', '2022-12-25', '9999-12-31'),
(197, 22, 8, '43428', 'FALSE', '2022-12-25', '9999-12-31'),
(198, 22, 9, '183799', 'FALSE', '2022-12-25', '9999-12-31'),
(199, 23, 1, '85', 'FALSE', '2022-12-25', '9999-12-31'),
(200, 23, 2, '452', 'FALSE', '2022-12-25', '9999-12-31'),
(201, 23, 3, '6171 3408 8155', 'FALSE', '2022-12-25', '9999-12-31'),
(202, 23, 4, '0764', 'FALSE', '2022-12-25', '9999-12-31'),
(203, 23, 5, '80005 54784 55510 98930 65070 01494 03810', 'FALSE', '2022-12-25', '9999-12-31'),
(204, 23, 6, '87642 74122', 'FALSE', '2022-12-25', '9999-12-31'),
(205, 23, 7, '12412', 'FALSE', '2022-12-25', '9999-12-31'),
(206, 23, 8, '39252', 'FALSE', '2022-12-25', '9999-12-31'),
(207, 23, 9, '780515', 'FALSE', '2022-12-25', '9999-12-31'),
(208, 24, 1, '43', 'FALSE', '2022-12-25', '9999-12-31'),
(209, 24, 2, '564', 'FALSE', '2022-12-25', '9999-12-31'),
(210, 24, 3, '3604 6882 6607', 'FALSE', '2022-12-25', '9999-12-31'),
(211, 24, 4, '0655', 'FALSE', '2022-12-25', '9999-12-31'),
(212, 24, 5, '31071 42498 66971 71588 79205 32630 49996', 'FALSE', '2022-12-25', '9999-12-31'),
(213, 24, 6, '76172 18120', 'FALSE', '2022-12-25', '9999-12-31'),
(214, 24, 7, '62651', 'FALSE', '2022-12-25', '9999-12-31'),
(215, 24, 8, '18321', 'FALSE', '2022-12-25', '9999-12-31'),
(216, 24, 9, '410089', 'FALSE', '2022-12-25', '9999-12-31'),
(217, 25, 1, '73', 'FALSE', '2022-12-25', '9999-12-31'),
(218, 25, 2, '506', 'FALSE', '2022-12-25', '9999-12-31'),
(219, 25, 3, '5458 5906 4902', 'FALSE', '2022-12-25', '9999-12-31'),
(220, 25, 4, '7900', 'FALSE', '2022-12-25', '9999-12-31'),
(221, 25, 5, '37651 43018 93787 77756 17202 40319 44175', 'FALSE', '2022-12-25', '9999-12-31'),
(222, 25, 6, '09316 87376', 'FALSE', '2022-12-25', '9999-12-31'),
(223, 25, 7, '03163', 'FALSE', '2022-12-25', '9999-12-31'),
(224, 25, 8, '01663', 'FALSE', '2022-12-25', '9999-12-31'),
(225, 25, 9, '130716', 'FALSE', '2022-12-25', '9999-12-31'),
(226, 26, 1, '43', 'FALSE', '2022-12-25', '9999-12-31'),
(227, 26, 2, '484', 'FALSE', '2022-12-25', '9999-12-31'),
(228, 26, 3, '5183 8900 2995', 'FALSE', '2022-12-25', '9999-12-31'),
(229, 26, 4, '8670', 'FALSE', '2022-12-25', '9999-12-31'),
(230, 26, 5, '89712 77100 63181 48406 41338 98311 29426', 'FALSE', '2022-12-25', '9999-12-31'),
(231, 26, 6, '77067 40966', 'FALSE', '2022-12-25', '9999-12-31'),
(232, 26, 7, '49673', 'FALSE', '2022-12-25', '9999-12-31'),
(233, 26, 8, '23078', 'FALSE', '2022-12-25', '9999-12-31'),
(234, 26, 9, '271021', 'FALSE', '2022-12-25', '9999-12-31'),
(235, 27, 1, '65', 'FALSE', '2022-12-25', '9999-12-31'),
(236, 27, 2, '062', 'FALSE', '2022-12-25', '9999-12-31'),
(237, 27, 3, '2237 5488 2656', 'FALSE', '2022-12-25', '9999-12-31'),
(238, 27, 4, '1196', 'FALSE', '2022-12-25', '9999-12-31'),
(239, 27, 5, '95825 20531 94017 58435 42429 08346 19226', 'FALSE', '2022-12-25', '9999-12-31'),
(240, 27, 6, '15357 43081', 'FALSE', '2022-12-25', '9999-12-31'),
(241, 27, 7, '36904', 'FALSE', '2022-12-25', '9999-12-31'),
(242, 27, 8, '16032', 'FALSE', '2022-12-25', '9999-12-31'),
(243, 27, 9, '505926', 'FALSE', '2022-12-25', '9999-12-31'),
(244, 28, 1, '95', 'FALSE', '2022-12-25', '9999-12-31'),
(245, 28, 2, '372', 'FALSE', '2022-12-25', '9999-12-31'),
(246, 28, 3, '3891 4353 8033', 'FALSE', '2022-12-25', '9999-12-31'),
(247, 28, 4, '5173', 'FALSE', '2022-12-25', '9999-12-31'),
(248, 28, 5, '23866 46513 11420 24339 47446 09402 65059', 'FALSE', '2022-12-25', '9999-12-31'),
(249, 28, 6, '34197 98605', 'FALSE', '2022-12-25', '9999-12-31'),
(250, 28, 7, '34301', 'FALSE', '2022-12-25', '9999-12-31'),
(251, 28, 8, '06606', 'FALSE', '2022-12-25', '9999-12-31'),
(252, 28, 9, '209568', 'FALSE', '2022-12-25', '9999-12-31'),
(253, 29, 1, '60', 'FALSE', '2022-12-25', '9999-12-31'),
(254, 29, 2, '690', 'FALSE', '2022-12-25', '9999-12-31'),
(255, 29, 3, '1970 1437 0152', 'FALSE', '2022-12-25', '9999-12-31'),
(256, 29, 4, '8121', 'FALSE', '2022-12-25', '9999-12-31'),
(257, 29, 5, '28590 46805 97775 45965 29525 21405 69423', 'FALSE', '2022-12-25', '9999-12-31'),
(258, 29, 6, '10251 05690', 'FALSE', '2022-12-25', '9999-12-31'),
(259, 29, 7, '28117', 'FALSE', '2022-12-25', '9999-12-31'),
(260, 29, 8, '89623', 'FALSE', '2022-12-25', '9999-12-31'),
(261, 29, 9, '011128', 'FALSE', '2022-12-25', '9999-12-31'),
(262, 30, 1, '80', 'FALSE', '2022-12-25', '9999-12-31'),
(263, 30, 2, '790', 'FALSE', '2022-12-25', '9999-12-31'),
(264, 30, 3, '1641 0096 3719', 'FALSE', '2022-12-25', '9999-12-31'),
(265, 30, 4, '4750', 'FALSE', '2022-12-25', '9999-12-31'),
(266, 30, 5, '94074 90925 64315 93047 35996 68406 48113', 'FALSE', '2022-12-25', '9999-12-31'),
(267, 30, 6, '48676 06444', 'FALSE', '2022-12-25', '9999-12-31'),
(268, 30, 7, '19716', 'FALSE', '2022-12-25', '9999-12-31'),
(269, 30, 8, '15211', 'FALSE', '2022-12-25', '9999-12-31'),
(270, 30, 9, '078906', 'FALSE', '2022-12-25', '9999-12-31'),
(271, 31, 1, '53', 'FALSE', '2022-12-25', '9999-12-31'),
(272, 31, 2, '507', 'FALSE', '2022-12-25', '9999-12-31'),
(273, 31, 3, '5329 0565 5969', 'FALSE', '2022-12-25', '9999-12-31'),
(274, 31, 4, '8600', 'FALSE', '2022-12-25', '9999-12-31'),
(275, 31, 5, '58185 80897 13751 92257 73068 08602 47216', 'FALSE', '2022-12-25', '9999-12-31'),
(276, 31, 6, '29764 27305', 'FALSE', '2022-12-25', '9999-12-31'),
(277, 31, 7, '18674', 'FALSE', '2022-12-25', '9999-12-31'),
(278, 31, 8, '68453', 'FALSE', '2022-12-25', '9999-12-31'),
(279, 31, 9, '478272', 'FALSE', '2022-12-25', '9999-12-31'),
(280, 32, 1, '46', 'FALSE', '2022-12-25', '9999-12-31'),
(281, 32, 2, '635', 'FALSE', '2022-12-25', '9999-12-31'),
(282, 32, 3, '8718 2738 9138', 'FALSE', '2022-12-25', '9999-12-31'),
(283, 32, 4, '5998', 'FALSE', '2022-12-25', '9999-12-31'),
(284, 32, 5, '05208 13966 88199 62643 35898 61988 07457', 'FALSE', '2022-12-25', '9999-12-31'),
(285, 32, 6, '48331 46910', 'FALSE', '2022-12-25', '9999-12-31'),
(286, 32, 7, '96667', 'FALSE', '2022-12-25', '9999-12-31'),
(287, 32, 8, '52303', 'FALSE', '2022-12-25', '9999-12-31'),
(288, 32, 9, '962464', 'FALSE', '2022-12-25', '9999-12-31'),
(289, 33, 1, '39', 'FALSE', '2022-12-25', '9999-12-31'),
(290, 33, 2, '509', 'FALSE', '2022-12-25', '9999-12-31'),
(291, 33, 3, '3030 6905 7846', 'FALSE', '2022-12-25', '9999-12-31'),
(292, 33, 4, '8915', 'FALSE', '2022-12-25', '9999-12-31'),
(293, 33, 5, '38013 07628 73391 36502 24223 77416 82026', 'FALSE', '2022-12-25', '9999-12-31'),
(294, 33, 6, '95173 72225', 'FALSE', '2022-12-25', '9999-12-31'),
(295, 33, 7, '98283', 'FALSE', '2022-12-25', '9999-12-31'),
(296, 33, 8, '31585', 'FALSE', '2022-12-25', '9999-12-31'),
(297, 33, 9, '305158', 'FALSE', '2022-12-25', '9999-12-31'),
(298, 34, 1, '87', 'FALSE', '2022-12-25', '9999-12-31'),
(299, 34, 2, '888', 'FALSE', '2022-12-25', '9999-12-31'),
(300, 34, 3, '4104 9065 6719', 'FALSE', '2022-12-25', '9999-12-31'),
(301, 34, 4, '5400', 'FALSE', '2022-12-25', '9999-12-31'),
(302, 34, 5, '04974 35647 90502 16663 20664 10331 84927', 'FALSE', '2022-12-25', '9999-12-31'),
(303, 34, 6, '62699 37191', 'FALSE', '2022-12-25', '9999-12-31'),
(304, 34, 7, '00021', 'FALSE', '2022-12-25', '9999-12-31'),
(305, 34, 8, '98412', 'FALSE', '2022-12-25', '9999-12-31'),
(306, 34, 9, '175812', 'FALSE', '2022-12-25', '9999-12-31'),
(307, 35, 1, '82', 'FALSE', '2022-12-25', '9999-12-31'),
(308, 35, 2, '947', 'FALSE', '2022-12-25', '9999-12-31'),
(309, 35, 3, '4484 0437 4497', 'FALSE', '2022-12-25', '9999-12-31'),
(310, 35, 4, '4561', 'FALSE', '2022-12-25', '9999-12-31'),
(311, 35, 5, '63723 18850 20163 36712 78121 38667 56673', 'FALSE', '2022-12-25', '9999-12-31'),
(312, 35, 6, '03323 60183', 'FALSE', '2022-12-25', '9999-12-31'),
(313, 35, 7, '08537', 'FALSE', '2022-12-25', '9999-12-31'),
(314, 35, 8, '18098', 'FALSE', '2022-12-25', '9999-12-31'),
(315, 35, 9, '981708', 'FALSE', '2022-12-25', '9999-12-31'),
(316, 36, 1, '51', 'FALSE', '2022-12-25', '9999-12-31'),
(317, 36, 2, '082', 'FALSE', '2022-12-25', '9999-12-31'),
(318, 36, 3, '9547 6119 7710', 'FALSE', '2022-12-25', '9999-12-31'),
(319, 36, 4, '7284', 'FALSE', '2022-12-25', '9999-12-31'),
(320, 36, 5, '17373 74303 41323 89181 96507 85781 83955', 'FALSE', '2022-12-25', '9999-12-31'),
(321, 36, 6, '70830 47149', 'FALSE', '2022-12-25', '9999-12-31'),
(322, 36, 7, '56379', 'FALSE', '2022-12-25', '9999-12-31'),
(323, 36, 8, '52057', 'FALSE', '2022-12-25', '9999-12-31'),
(324, 36, 9, '409535', 'FALSE', '2022-12-25', '9999-12-31'),
(325, 37, 1, '70', 'FALSE', '2022-12-25', '9999-12-31'),
(326, 37, 2, '528', 'FALSE', '2022-12-25', '9999-12-31'),
(327, 37, 3, '9340 6405 4167', 'FALSE', '2022-12-25', '9999-12-31'),
(328, 37, 4, '5640', 'FALSE', '2022-12-25', '9999-12-31'),
(329, 37, 5, '65385 57548 66743 73499 03462 20343 64088', 'FALSE', '2022-12-25', '9999-12-31'),
(330, 37, 6, '79891 55391', 'FALSE', '2022-12-25', '9999-12-31'),
(331, 37, 7, '90986', 'FALSE', '2022-12-25', '9999-12-31'),
(332, 37, 8, '00415', 'FALSE', '2022-12-25', '9999-12-31'),
(333, 37, 9, '306485', 'FALSE', '2022-12-25', '9999-12-31'),
(334, 38, 1, '45', 'FALSE', '2022-12-25', '9999-12-31'),
(335, 38, 2, '397', 'FALSE', '2022-12-25', '9999-12-31'),
(336, 38, 3, '4036 8303 5939', 'FALSE', '2022-12-25', '9999-12-31'),
(337, 38, 4, '0400', 'FALSE', '2022-12-25', '9999-12-31'),
(338, 38, 5, '93938 86872 79665 55237 26177 72799 22008', 'FALSE', '2022-12-25', '9999-12-31'),
(339, 38, 6, '33224 97359', 'FALSE', '2022-12-25', '9999-12-31'),
(340, 38, 7, '80874', 'FALSE', '2022-12-25', '9999-12-31'),
(341, 38, 8, '85053', 'FALSE', '2022-12-25', '9999-12-31'),
(342, 38, 9, '634657', 'FALSE', '2022-12-25', '9999-12-31'),
(343, 39, 1, '90', 'FALSE', '2022-12-25', '9999-12-31'),
(344, 39, 2, '569', 'FALSE', '2022-12-25', '9999-12-31'),
(345, 39, 3, '4846 3186 8009', 'FALSE', '2022-12-25', '9999-12-31'),
(346, 39, 4, '9736', 'FALSE', '2022-12-25', '9999-12-31'),
(347, 39, 5, '28855 56320 30920 40425 13405 90103 46064', 'FALSE', '2022-12-25', '9999-12-31'),
(348, 39, 6, '84361 15584', 'FALSE', '2022-12-25', '9999-12-31'),
(349, 39, 7, '17214', 'FALSE', '2022-12-25', '9999-12-31'),
(350, 39, 8, '70511', 'FALSE', '2022-12-25', '9999-12-31'),
(351, 39, 9, '864140', 'FALSE', '2022-12-25', '9999-12-31'),
(352, 40, 1, '59', 'FALSE', '2022-12-25', '9999-12-31'),
(353, 40, 2, '614', 'FALSE', '2022-12-25', '9999-12-31'),
(354, 40, 3, '9251 1535 9974', 'FALSE', '2022-12-25', '9999-12-31'),
(355, 40, 4, '1342', 'FALSE', '2022-12-25', '9999-12-31'),
(356, 40, 5, '67742 02160 17259 15102 88476 94344 05059', 'FALSE', '2022-12-25', '9999-12-31'),
(357, 40, 6, '97659 55960', 'FALSE', '2022-12-25', '9999-12-31'),
(358, 40, 7, '56500', 'FALSE', '2022-12-25', '9999-12-31'),
(359, 40, 8, '85099', 'FALSE', '2022-12-25', '9999-12-31'),
(360, 40, 9, '311212', 'FALSE', '2022-12-25', '9999-12-31'),
(361, 41, 1, '99', 'FALSE', '2022-12-25', '9999-12-31'),
(362, 41, 2, '396', 'FALSE', '2022-12-25', '9999-12-31'),
(363, 41, 3, '9139 7280 8203', 'FALSE', '2022-12-25', '9999-12-31'),
(364, 41, 4, '9393', 'FALSE', '2022-12-25', '9999-12-31'),
(365, 41, 5, '25004 16208 73044 97708 01147 32302 60745', 'FALSE', '2022-12-25', '9999-12-31'),
(366, 41, 6, '60953 14381', 'FALSE', '2022-12-25', '9999-12-31'),
(367, 41, 7, '37599', 'FALSE', '2022-12-25', '9999-12-31'),
(368, 41, 8, '96153', 'FALSE', '2022-12-25', '9999-12-31'),
(369, 41, 9, '375596', 'FALSE', '2022-12-25', '9999-12-31'),
(370, 42, 1, '46', 'FALSE', '2022-12-25', '9999-12-31'),
(371, 42, 2, '909', 'FALSE', '2022-12-25', '9999-12-31'),
(372, 42, 3, '8666 0262 8233', 'FALSE', '2022-12-25', '9999-12-31'),
(373, 42, 4, '8117', 'FALSE', '2022-12-25', '9999-12-31'),
(374, 42, 5, '39620 79125 83705 94297 89528 46315 24391', 'FALSE', '2022-12-25', '9999-12-31'),
(375, 42, 6, '93829 40180', 'FALSE', '2022-12-25', '9999-12-31'),
(376, 42, 7, '71621', 'FALSE', '2022-12-25', '9999-12-31'),
(377, 42, 8, '01949', 'FALSE', '2022-12-25', '9999-12-31'),
(378, 42, 9, '699594', 'FALSE', '2022-12-25', '9999-12-31'),
(379, 43, 1, '80', 'FALSE', '2022-12-25', '9999-12-31'),
(380, 43, 2, '826', 'FALSE', '2022-12-25', '9999-12-31'),
(381, 43, 3, '4197 7050 4705', 'FALSE', '2022-12-25', '9999-12-31'),
(382, 43, 4, '4536', 'FALSE', '2022-12-25', '9999-12-31'),
(383, 43, 5, '83262 97592 69731 74622 35262 94775 56252', 'FALSE', '2022-12-25', '9999-12-31'),
(384, 43, 6, '90011 09558', 'FALSE', '2022-12-25', '9999-12-31'),
(385, 43, 7, '03979', 'FALSE', '2022-12-25', '9999-12-31'),
(386, 43, 8, '42380', 'FALSE', '2022-12-25', '9999-12-31'),
(387, 43, 9, '560695', 'FALSE', '2022-12-25', '9999-12-31'),
(388, 44, 1, '96', 'FALSE', '2022-12-25', '9999-12-31'),
(389, 44, 2, '545', 'FALSE', '2022-12-25', '9999-12-31'),
(390, 44, 3, '1291 5962 7628', 'FALSE', '2022-12-25', '9999-12-31'),
(391, 44, 4, '9124', 'FALSE', '2022-12-25', '9999-12-31'),
(392, 44, 5, '42721 63060 59172 72832 68084 39652 61375', 'FALSE', '2022-12-25', '9999-12-31'),
(393, 44, 6, '89474 57633', 'FALSE', '2022-12-25', '9999-12-31'),
(394, 44, 7, '34164', 'FALSE', '2022-12-25', '9999-12-31'),
(395, 44, 8, '82600', 'FALSE', '2022-12-25', '9999-12-31'),
(396, 44, 9, '583791', 'FALSE', '2022-12-25', '9999-12-31'),
(397, 45, 1, '26', 'FALSE', '2022-12-25', '9999-12-31'),
(398, 45, 2, '493', 'FALSE', '2022-12-25', '9999-12-31'),
(399, 45, 3, '5311 8276 4525', 'FALSE', '2022-12-25', '9999-12-31'),
(400, 45, 4, '2453', 'FALSE', '2022-12-25', '9999-12-31'),
(401, 45, 5, '85863 13193 96503 76447 36801 13084 17633', 'FALSE', '2022-12-25', '9999-12-31'),
(402, 45, 6, '56150 38837', 'FALSE', '2022-12-25', '9999-12-31'),
(403, 45, 7, '65808', 'FALSE', '2022-12-25', '9999-12-31'),
(404, 45, 8, '45956', 'FALSE', '2022-12-25', '9999-12-31'),
(405, 45, 9, '406521', 'FALSE', '2022-12-25', '9999-12-31'),
(406, 46, 1, '01', 'FALSE', '2022-12-25', '9999-12-31'),
(407, 46, 2, '976', 'FALSE', '2022-12-25', '9999-12-31'),
(408, 46, 3, '7892 8706 7529', 'FALSE', '2022-12-25', '9999-12-31'),
(409, 46, 4, '1683', 'FALSE', '2022-12-25', '9999-12-31'),
(410, 46, 5, '07471 85375 59917 48827 69355 65393 85999', 'FALSE', '2022-12-25', '9999-12-31'),
(411, 46, 6, '37044 33402', 'FALSE', '2022-12-25', '9999-12-31'),
(412, 46, 7, '78363', 'FALSE', '2022-12-25', '9999-12-31'),
(413, 46, 8, '93388', 'FALSE', '2022-12-25', '9999-12-31'),
(414, 46, 9, '409126', 'FALSE', '2022-12-25', '9999-12-31'),
(415, 47, 1, '95', 'FALSE', '2022-12-25', '9999-12-31'),
(416, 47, 2, '163', 'FALSE', '2022-12-25', '9999-12-31'),
(417, 47, 3, '2842 1002 3497', 'FALSE', '2022-12-25', '9999-12-31'),
(418, 47, 4, '1456', 'FALSE', '2022-12-25', '9999-12-31'),
(419, 47, 5, '50239 22502 14015 80036 74308 24604 55188', 'FALSE', '2022-12-25', '9999-12-31'),
(420, 47, 6, '18421 05889', 'FALSE', '2022-12-25', '9999-12-31'),
(421, 47, 7, '93625', 'FALSE', '2022-12-25', '9999-12-31'),
(422, 47, 8, '59258', 'FALSE', '2022-12-25', '9999-12-31'),
(423, 47, 9, '760839', 'FALSE', '2022-12-25', '9999-12-31'),
(424, 48, 1, '58', 'FALSE', '2022-12-25', '9999-12-31'),
(425, 48, 2, '859', 'FALSE', '2022-12-25', '9999-12-31'),
(426, 48, 3, '5773 3622 0287', 'FALSE', '2022-12-25', '9999-12-31'),
(427, 48, 4, '8171', 'FALSE', '2022-12-25', '9999-12-31'),
(428, 48, 5, '29756 56489 54923 25618 00762 08357 52100', 'FALSE', '2022-12-25', '9999-12-31'),
(429, 48, 6, '19945 41902', 'FALSE', '2022-12-25', '9999-12-31'),
(430, 48, 7, '89075', 'FALSE', '2022-12-25', '9999-12-31'),
(431, 48, 8, '87654', 'FALSE', '2022-12-25', '9999-12-31'),
(432, 48, 9, '895684', 'FALSE', '2022-12-25', '9999-12-31'),
(433, 49, 1, '76', 'FALSE', '2022-12-25', '9999-12-31'),
(434, 49, 2, '204', 'FALSE', '2022-12-25', '9999-12-31'),
(435, 49, 3, '9214 1821 0539', 'FALSE', '2022-12-25', '9999-12-31'),
(436, 49, 4, '6619', 'FALSE', '2022-12-25', '9999-12-31'),
(437, 49, 5, '86087 26707 86144 77471 89872 68482 58998', 'FALSE', '2022-12-25', '9999-12-31'),
(438, 49, 6, '11262 94233', 'FALSE', '2022-12-25', '9999-12-31'),
(439, 49, 7, '36473', 'FALSE', '2022-12-25', '9999-12-31'),
(440, 49, 8, '16516', 'FALSE', '2022-12-25', '9999-12-31'),
(441, 49, 9, '732615', 'FALSE', '2022-12-25', '9999-12-31'),
(442, 50, 1, '09', 'FALSE', '2022-12-25', '9999-12-31'),
(443, 50, 2, '405', 'FALSE', '2022-12-25', '9999-12-31'),
(444, 50, 3, '0523 5733 0882', 'FALSE', '2022-12-25', '9999-12-31'),
(445, 50, 4, '9574', 'FALSE', '2022-12-25', '9999-12-31'),
(446, 50, 5, '90255 76966 33945 91294 31302 81565 31905', 'FALSE', '2022-12-25', '9999-12-31'),
(447, 50, 6, '59880 54313', 'FALSE', '2022-12-25', '9999-12-31'),
(448, 50, 7, '62527', 'FALSE', '2022-12-25', '9999-12-31'),
(449, 50, 8, '39533', 'FALSE', '2022-12-25', '9999-12-31'),
(450, 50, 9, '022800', 'FALSE', '2022-12-25', '9999-12-31'),
(451, 51, 1, '48', 'FALSE', '2022-12-25', '9999-12-31'),
(452, 51, 2, '760', 'FALSE', '2022-12-25', '9999-12-31'),
(453, 51, 3, '0379 5951 8375', 'FALSE', '2022-12-25', '9999-12-31'),
(454, 51, 4, '5805', 'FALSE', '2022-12-25', '9999-12-31'),
(455, 51, 5, '08854 19409 44477 74339 74881 13168 80129', 'FALSE', '2022-12-25', '9999-12-31'),
(456, 51, 6, '18127 77341', 'FALSE', '2022-12-25', '9999-12-31'),
(457, 51, 7, '47110', 'FALSE', '2022-12-25', '9999-12-31'),
(458, 51, 8, '89416', 'FALSE', '2022-12-25', '9999-12-31'),
(459, 51, 9, '597943', 'FALSE', '2022-12-25', '9999-12-31'),
(460, 52, 1, '70', 'FALSE', '2022-12-25', '9999-12-31'),
(461, 52, 2, '754', 'FALSE', '2022-12-25', '9999-12-31'),
(462, 52, 3, '3501 3590 2402', 'FALSE', '2022-12-25', '9999-12-31'),
(463, 52, 4, '7267', 'FALSE', '2022-12-25', '9999-12-31'),
(464, 52, 5, '69112 86551 11064 65828 51979 09601 78405', 'FALSE', '2022-12-25', '9999-12-31'),
(465, 52, 6, '87740 91802', 'FALSE', '2022-12-25', '9999-12-31'),
(466, 52, 7, '95470', 'FALSE', '2022-12-25', '9999-12-31'),
(467, 52, 8, '69394', 'FALSE', '2022-12-25', '9999-12-31'),
(468, 52, 9, '229487', 'FALSE', '2022-12-25', '9999-12-31'),
(469, 53, 1, '17', 'FALSE', '2022-12-25', '9999-12-31'),
(470, 53, 2, '160', 'FALSE', '2022-12-25', '9999-12-31'),
(471, 53, 3, '0800 6837 9968', 'FALSE', '2022-12-25', '9999-12-31'),
(472, 53, 4, '3002', 'FALSE', '2022-12-25', '9999-12-31'),
(473, 53, 5, '63138 69334 24848 49416 01996 67392 43111', 'FALSE', '2022-12-25', '9999-12-31'),
(474, 53, 6, '74943 87889', 'FALSE', '2022-12-25', '9999-12-31'),
(475, 53, 7, '52476', 'FALSE', '2022-12-25', '9999-12-31'),
(476, 53, 8, '61231', 'FALSE', '2022-12-25', '9999-12-31'),
(477, 53, 9, '676454', 'FALSE', '2022-12-25', '9999-12-31'),
(478, 54, 1, '73', 'FALSE', '2022-12-25', '9999-12-31'),
(479, 54, 2, '994', 'FALSE', '2022-12-25', '9999-12-31'),
(480, 54, 3, '1794 8613 0903', 'FALSE', '2022-12-25', '9999-12-31'),
(481, 54, 4, '9381', 'FALSE', '2022-12-25', '9999-12-31'),
(482, 54, 5, '13521 18058 41044 59358 34126 97676 89717', 'FALSE', '2022-12-25', '9999-12-31'),
(483, 54, 6, '19179 06581', 'FALSE', '2022-12-25', '9999-12-31'),
(484, 54, 7, '43772', 'FALSE', '2022-12-25', '9999-12-31'),
(485, 54, 8, '02436', 'FALSE', '2022-12-25', '9999-12-31'),
(486, 54, 9, '363913', 'FALSE', '2022-12-25', '9999-12-31'),
(487, 55, 1, '48', 'FALSE', '2022-12-25', '9999-12-31'),
(488, 55, 2, '273', 'FALSE', '2022-12-25', '9999-12-31'),
(489, 55, 3, '1262 9702 6921', 'FALSE', '2022-12-25', '9999-12-31'),
(490, 55, 4, '2236', 'FALSE', '2022-12-25', '9999-12-31'),
(491, 55, 5, '65901 00065 60088 62818 28614 20263 76810', 'FALSE', '2022-12-25', '9999-12-31'),
(492, 55, 6, '18833 75503', 'FALSE', '2022-12-25', '9999-12-31'),
(493, 55, 7, '22190', 'FALSE', '2022-12-25', '9999-12-31'),
(494, 55, 8, '31476', 'FALSE', '2022-12-25', '9999-12-31'),
(495, 55, 9, '100662', 'FALSE', '2022-12-25', '9999-12-31'),
(496, 56, 1, '19', 'FALSE', '2022-12-25', '9999-12-31'),
(497, 56, 2, '115', 'FALSE', '2022-12-25', '9999-12-31'),
(498, 56, 3, '4248 0900 4089', 'FALSE', '2022-12-25', '9999-12-31'),
(499, 56, 4, '0429', 'FALSE', '2022-12-25', '9999-12-31'),
(500, 56, 5, '20172 63559 26645 57742 53077 11981 03503', 'FALSE', '2022-12-25', '9999-12-31'),
(501, 56, 6, '82589 67826', 'FALSE', '2022-12-25', '9999-12-31'),
(502, 56, 7, '24899', 'FALSE', '2022-12-25', '9999-12-31'),
(503, 56, 8, '67258', 'FALSE', '2022-12-25', '9999-12-31'),
(504, 56, 9, '779683', 'FALSE', '2022-12-25', '9999-12-31'),
(505, 57, 1, '05', 'FALSE', '2022-12-25', '9999-12-31'),
(506, 57, 2, '851', 'FALSE', '2022-12-25', '9999-12-31'),
(507, 57, 3, '2143 7603 8613', 'FALSE', '2022-12-25', '9999-12-31'),
(508, 57, 4, '8508', 'FALSE', '2022-12-25', '9999-12-31'),
(509, 57, 5, '52469 42261 31961 70387 66015 73042 34428', 'FALSE', '2022-12-25', '9999-12-31'),
(510, 57, 6, '73352 19557', 'FALSE', '2022-12-25', '9999-12-31'),
(511, 57, 7, '64916', 'FALSE', '2022-12-25', '9999-12-31'),
(512, 57, 8, '33503', 'FALSE', '2022-12-25', '9999-12-31'),
(513, 57, 9, '009646', 'FALSE', '2022-12-25', '9999-12-31'),
(514, 58, 1, '54', 'FALSE', '2022-12-25', '9999-12-31'),
(515, 58, 2, '540', 'FALSE', '2022-12-25', '9999-12-31'),
(516, 58, 3, '4148 8393 8888', 'FALSE', '2022-12-25', '9999-12-31'),
(517, 58, 4, '0938', 'FALSE', '2022-12-25', '9999-12-31'),
(518, 58, 5, '59186 17012 42788 76351 41260 17919 54975', 'FALSE', '2022-12-25', '9999-12-31'),
(519, 58, 6, '13674 33483', 'FALSE', '2022-12-25', '9999-12-31'),
(520, 58, 7, '45840', 'FALSE', '2022-12-25', '9999-12-31'),
(521, 58, 8, '44125', 'FALSE', '2022-12-25', '9999-12-31'),
(522, 58, 9, '571324', 'FALSE', '2022-12-25', '9999-12-31'),
(523, 59, 1, '98', 'FALSE', '2022-12-25', '9999-12-31'),
(524, 59, 2, '524', 'FALSE', '2022-12-25', '9999-12-31'),
(525, 59, 3, '8145 4473 1643', 'FALSE', '2022-12-25', '9999-12-31'),
(526, 59, 4, '5518', 'FALSE', '2022-12-25', '9999-12-31'),
(527, 59, 5, '72680 66756 14634 12990 13616 65104 61689', 'FALSE', '2022-12-25', '9999-12-31'),
(528, 59, 6, '17528 39035', 'FALSE', '2022-12-25', '9999-12-31'),
(529, 59, 7, '12678', 'FALSE', '2022-12-25', '9999-12-31'),
(530, 59, 8, '10321', 'FALSE', '2022-12-25', '9999-12-31'),
(531, 59, 9, '978402', 'FALSE', '2022-12-25', '9999-12-31'),
(532, 60, 1, '16', 'FALSE', '2022-12-25', '9999-12-31'),
(533, 60, 2, '695', 'FALSE', '2022-12-25', '9999-12-31'),
(534, 60, 3, '7189 2797 6403', 'FALSE', '2022-12-25', '9999-12-31'),
(535, 60, 4, '1050', 'FALSE', '2022-12-25', '9999-12-31'),
(536, 60, 5, '12202 68554 83468 09335 07245 66511 67887', 'FALSE', '2022-12-25', '9999-12-31'),
(537, 60, 6, '29959 37318', 'FALSE', '2022-12-25', '9999-12-31'),
(538, 60, 7, '48793', 'FALSE', '2022-12-25', '9999-12-31'),
(539, 60, 8, '78303', 'FALSE', '2022-12-25', '9999-12-31'),
(540, 60, 9, '853183', 'FALSE', '2022-12-25', '9999-12-31'),
(541, 61, 1, '37', 'FALSE', '2022-12-25', '9999-12-31'),
(542, 61, 2, '122', 'FALSE', '2022-12-25', '9999-12-31'),
(543, 61, 3, '4597 8819 8616', 'FALSE', '2022-12-25', '9999-12-31'),
(544, 61, 4, '2872', 'FALSE', '2022-12-25', '9999-12-31'),
(545, 61, 5, '35621 06913 65557 45665 38045 90058 15095', 'FALSE', '2022-12-25', '9999-12-31'),
(546, 61, 6, '13214 54294', 'FALSE', '2022-12-25', '9999-12-31'),
(547, 61, 7, '78360', 'FALSE', '2022-12-25', '9999-12-31'),
(548, 61, 8, '20693', 'FALSE', '2022-12-25', '9999-12-31'),
(549, 61, 9, '498598', 'FALSE', '2022-12-25', '9999-12-31'),
(550, 62, 1, '72', 'FALSE', '2022-12-25', '9999-12-31'),
(551, 62, 2, '205', 'FALSE', '2022-12-25', '9999-12-31'),
(552, 62, 3, '4125 6553 3410', 'FALSE', '2022-12-25', '9999-12-31'),
(553, 62, 4, '7254', 'FALSE', '2022-12-25', '9999-12-31'),
(554, 62, 5, '78939 59171 67639 54150 48777 02536 51447', 'FALSE', '2022-12-25', '9999-12-31'),
(555, 62, 6, '04680 40710', 'FALSE', '2022-12-25', '9999-12-31'),
(556, 62, 7, '73150', 'FALSE', '2022-12-25', '9999-12-31'),
(557, 62, 8, '43433', 'FALSE', '2022-12-25', '9999-12-31'),
(558, 62, 9, '991820', 'FALSE', '2022-12-25', '9999-12-31'),
(559, 63, 1, '23', 'FALSE', '2022-12-25', '9999-12-31'),
(560, 63, 2, '979', 'FALSE', '2022-12-25', '9999-12-31'),
(561, 63, 3, '5955 7998 7710', 'FALSE', '2022-12-25', '9999-12-31'),
(562, 63, 4, '8005', 'FALSE', '2022-12-25', '9999-12-31'),
(563, 63, 5, '66435 56073 88122 37486 67316 17604 13565', 'FALSE', '2022-12-25', '9999-12-31'),
(564, 63, 6, '30604 32236', 'FALSE', '2022-12-25', '9999-12-31'),
(565, 63, 7, '39304', 'FALSE', '2022-12-25', '9999-12-31'),
(566, 63, 8, '58116', 'FALSE', '2022-12-25', '9999-12-31'),
(567, 63, 9, '272500', 'FALSE', '2022-12-25', '9999-12-31'),
(568, 64, 1, '58', 'FALSE', '2022-12-25', '9999-12-31'),
(569, 64, 2, '151', 'FALSE', '2022-12-25', '9999-12-31'),
(570, 64, 3, '4384 5169 1265', 'FALSE', '2022-12-25', '9999-12-31'),
(571, 64, 4, '6862', 'FALSE', '2022-12-25', '9999-12-31'),
(572, 64, 5, '48055 26620 87577 40277 41807 48367 62722', 'FALSE', '2022-12-25', '9999-12-31'),
(573, 64, 6, '50084 59799', 'FALSE', '2022-12-25', '9999-12-31'),
(574, 64, 7, '97033', 'FALSE', '2022-12-25', '9999-12-31'),
(575, 64, 8, '14445', 'FALSE', '2022-12-25', '9999-12-31'),
(576, 64, 9, '128733', 'FALSE', '2022-12-25', '9999-12-31'),
(577, 65, 1, '81', 'FALSE', '2022-12-25', '9999-12-31'),
(578, 65, 2, '001', 'FALSE', '2022-12-25', '9999-12-31'),
(579, 65, 3, '3200 7683 5817', 'FALSE', '2022-12-25', '9999-12-31'),
(580, 65, 4, '9344', 'FALSE', '2022-12-25', '9999-12-31'),
(581, 65, 5, '70365 35697 99278 67106 16128 35144 69409', 'FALSE', '2022-12-25', '9999-12-31'),
(582, 65, 6, '89954 08151', 'FALSE', '2022-12-25', '9999-12-31'),
(583, 65, 7, '40939', 'FALSE', '2022-12-25', '9999-12-31'),
(584, 65, 8, '87254', 'FALSE', '2022-12-25', '9999-12-31'),
(585, 65, 9, '530214', 'FALSE', '2022-12-25', '9999-12-31'),
(586, 66, 1, '61', 'FALSE', '2022-12-25', '9999-12-31'),
(587, 66, 2, '570', 'FALSE', '2022-12-25', '9999-12-31'),
(588, 66, 3, '5746 2286 1841', 'FALSE', '2022-12-25', '9999-12-31'),
(589, 66, 4, '5560', 'FALSE', '2022-12-25', '9999-12-31'),
(590, 66, 5, '24944 01860 62844 11277 77057 25327 66596', 'FALSE', '2022-12-25', '9999-12-31'),
(591, 66, 6, '89389 65328', 'FALSE', '2022-12-25', '9999-12-31'),
(592, 66, 7, '81173', 'FALSE', '2022-12-25', '9999-12-31'),
(593, 66, 8, '42149', 'FALSE', '2022-12-25', '9999-12-31'),
(594, 66, 9, '820665', 'FALSE', '2022-12-25', '9999-12-31'),
(595, 67, 1, '13', 'FALSE', '2022-12-25', '9999-12-31'),
(596, 67, 2, '497', 'FALSE', '2022-12-25', '9999-12-31'),
(597, 67, 3, '3655 1429 0296', 'FALSE', '2022-12-25', '9999-12-31'),
(598, 67, 4, '9792', 'FALSE', '2022-12-25', '9999-12-31'),
(599, 67, 5, '37692 74514 41205 32959 84383 71201 65202', 'FALSE', '2022-12-25', '9999-12-31'),
(600, 67, 6, '63224 96385', 'FALSE', '2022-12-25', '9999-12-31'),
(601, 67, 7, '51780', 'FALSE', '2022-12-25', '9999-12-31'),
(602, 67, 8, '03906', 'FALSE', '2022-12-25', '9999-12-31'),
(603, 67, 9, '936215', 'FALSE', '2022-12-25', '9999-12-31'),
(604, 68, 1, '66', 'FALSE', '2022-12-25', '9999-12-31'),
(605, 68, 2, '630', 'FALSE', '2022-12-25', '9999-12-31'),
(606, 68, 3, '2059 7890 2868', 'FALSE', '2022-12-25', '9999-12-31'),
(607, 68, 4, '7524', 'FALSE', '2022-12-25', '9999-12-31'),
(608, 68, 5, '42532 20602 37490 59975 86776 35868 96978', 'FALSE', '2022-12-25', '9999-12-31'),
(609, 68, 6, '28909 74579', 'FALSE', '2022-12-25', '9999-12-31'),
(610, 68, 7, '36961', 'FALSE', '2022-12-25', '9999-12-31'),
(611, 68, 8, '58658', 'FALSE', '2022-12-25', '9999-12-31'),
(612, 68, 9, '718871', 'FALSE', '2022-12-25', '9999-12-31'),
(613, 69, 1, '66', 'FALSE', '2022-12-25', '9999-12-31'),
(614, 69, 2, '174', 'FALSE', '2022-12-25', '9999-12-31'),
(615, 69, 3, '2573 1340 0652', 'FALSE', '2022-12-25', '9999-12-31'),
(616, 69, 4, '6115', 'FALSE', '2022-12-25', '9999-12-31'),
(617, 69, 5, '17682 38057 82992 01513 58323 97958 28226', 'FALSE', '2022-12-25', '9999-12-31'),
(618, 69, 6, '83896 93382', 'FALSE', '2022-12-25', '9999-12-31'),
(619, 69, 7, '14850', 'FALSE', '2022-12-25', '9999-12-31'),
(620, 69, 8, '30662', 'FALSE', '2022-12-25', '9999-12-31'),
(621, 69, 9, '585660', 'FALSE', '2022-12-25', '9999-12-31'),
(622, 70, 1, '47', 'FALSE', '2022-12-25', '9999-12-31'),
(623, 70, 2, '314', 'FALSE', '2022-12-25', '9999-12-31'),
(624, 70, 3, '3928 6200 6577', 'FALSE', '2022-12-25', '9999-12-31'),
(625, 70, 4, '7077', 'FALSE', '2022-12-25', '9999-12-31'),
(626, 70, 5, '60699 58917 49562 12872 20672 93591 42767', 'FALSE', '2022-12-25', '9999-12-31'),
(627, 70, 6, '43198 27022', 'FALSE', '2022-12-25', '9999-12-31'),
(628, 70, 7, '60098', 'FALSE', '2022-12-25', '9999-12-31'),
(629, 70, 8, '10041', 'FALSE', '2022-12-25', '9999-12-31'),
(630, 70, 9, '893855', 'FALSE', '2022-12-25', '9999-12-31'),
(631, 71, 1, '59', 'FALSE', '2022-12-25', '9999-12-31'),
(632, 71, 2, '406', 'FALSE', '2022-12-25', '9999-12-31'),
(633, 71, 3, '9992 1385 3812', 'FALSE', '2022-12-25', '9999-12-31'),
(634, 71, 4, '1500', 'FALSE', '2022-12-25', '9999-12-31'),
(635, 71, 5, '47027 45003 42861 93625 94019 48228 37083', 'FALSE', '2022-12-25', '9999-12-31'),
(636, 71, 6, '89654 63889', 'FALSE', '2022-12-25', '9999-12-31'),
(637, 71, 7, '68785', 'FALSE', '2022-12-25', '9999-12-31'),
(638, 71, 8, '79748', 'FALSE', '2022-12-25', '9999-12-31'),
(639, 71, 9, '780807', 'FALSE', '2022-12-25', '9999-12-31'),
(640, 72, 1, '78', 'FALSE', '2022-12-25', '9999-12-31'),
(641, 72, 2, '456', 'FALSE', '2022-12-25', '9999-12-31'),
(642, 72, 3, '1494 1872 1531', 'FALSE', '2022-12-25', '9999-12-31'),
(643, 72, 4, '8030', 'FALSE', '2022-12-25', '9999-12-31'),
(644, 72, 5, '64804 78717 32256 39626 95594 48012 02689', 'FALSE', '2022-12-25', '9999-12-31'),
(645, 72, 6, '80986 19727', 'FALSE', '2022-12-25', '9999-12-31'),
(646, 72, 7, '57633', 'FALSE', '2022-12-25', '9999-12-31'),
(647, 72, 8, '32464', 'FALSE', '2022-12-25', '9999-12-31'),
(648, 72, 9, '615656', 'FALSE', '2022-12-25', '9999-12-31'),
(649, 73, 1, '43', 'FALSE', '2022-12-25', '9999-12-31'),
(650, 73, 2, '058', 'FALSE', '2022-12-25', '9999-12-31'),
(651, 73, 3, '1669 3677 4096', 'FALSE', '2022-12-25', '9999-12-31'),
(652, 73, 4, '7458', 'FALSE', '2022-12-25', '9999-12-31'),
(653, 73, 5, '15636 40912 08629 86296 35942 19564 59178', 'FALSE', '2022-12-25', '9999-12-31'),
(654, 73, 6, '07682 90486', 'FALSE', '2022-12-25', '9999-12-31'),
(655, 73, 7, '87026', 'FALSE', '2022-12-25', '9999-12-31'),
(656, 73, 8, '59056', 'FALSE', '2022-12-25', '9999-12-31'),
(657, 73, 9, '084841', 'FALSE', '2022-12-25', '9999-12-31'),
(658, 74, 1, '48', 'FALSE', '2022-12-25', '9999-12-31'),
(659, 74, 2, '085', 'FALSE', '2022-12-25', '9999-12-31'),
(660, 74, 3, '3655 0758 0442', 'FALSE', '2022-12-25', '9999-12-31'),
(661, 74, 4, '3899', 'FALSE', '2022-12-25', '9999-12-31'),
(662, 74, 5, '97889 43822 40464 10263 57937 30476 16448', 'FALSE', '2022-12-25', '9999-12-31'),
(663, 74, 6, '44480 63283', 'FALSE', '2022-12-25', '9999-12-31'),
(664, 74, 7, '90348', 'FALSE', '2022-12-25', '9999-12-31'),
(665, 74, 8, '13143', 'FALSE', '2022-12-25', '9999-12-31'),
(666, 74, 9, '509838', 'FALSE', '2022-12-25', '9999-12-31'),
(667, 75, 1, '61', 'FALSE', '2022-12-25', '9999-12-31'),
(668, 75, 2, '413', 'FALSE', '2022-12-25', '9999-12-31'),
(669, 75, 3, '7487 8806 9944', 'FALSE', '2022-12-25', '9999-12-31'),
(670, 75, 4, '1596', 'FALSE', '2022-12-25', '9999-12-31'),
(671, 75, 5, '19739 58356 99682 49871 85743 57345 17638', 'FALSE', '2022-12-25', '9999-12-31'),
(672, 75, 6, '36046 03252', 'FALSE', '2022-12-25', '9999-12-31'),
(673, 75, 7, '55539', 'FALSE', '2022-12-25', '9999-12-31'),
(674, 75, 8, '28531', 'FALSE', '2022-12-25', '9999-12-31'),
(675, 75, 9, '349673', 'FALSE', '2022-12-25', '9999-12-31'),
(676, 76, 1, '32', 'FALSE', '2022-12-25', '9999-12-31'),
(677, 76, 2, '898', 'FALSE', '2022-12-25', '9999-12-31'),
(678, 76, 3, '4689 5770 7687', 'FALSE', '2022-12-25', '9999-12-31'),
(679, 76, 4, '4163', 'FALSE', '2022-12-25', '9999-12-31'),
(680, 76, 5, '31337 25465 70743 01864 09839 88722 65475', 'FALSE', '2022-12-25', '9999-12-31'),
(681, 76, 6, '55772 47117', 'FALSE', '2022-12-25', '9999-12-31'),
(682, 76, 7, '99590', 'FALSE', '2022-12-25', '9999-12-31'),
(683, 76, 8, '78633', 'FALSE', '2022-12-25', '9999-12-31'),
(684, 76, 9, '367543', 'FALSE', '2022-12-25', '9999-12-31'),
(685, 77, 1, '81', 'FALSE', '2022-12-25', '9999-12-31'),
(686, 77, 2, '226', 'FALSE', '2022-12-25', '9999-12-31'),
(687, 77, 3, '8952 0262 2732', 'FALSE', '2022-12-25', '9999-12-31'),
(688, 77, 4, '3520', 'FALSE', '2022-12-25', '9999-12-31'),
(689, 77, 5, '48132 25070 04222 94402 01198 14247 60620', 'FALSE', '2022-12-25', '9999-12-31'),
(690, 77, 6, '33256 65199', 'FALSE', '2022-12-25', '9999-12-31'),
(691, 77, 7, '85661', 'FALSE', '2022-12-25', '9999-12-31'),
(692, 77, 8, '02742', 'FALSE', '2022-12-25', '9999-12-31'),
(693, 77, 9, '606310', 'FALSE', '2022-12-25', '9999-12-31'),
(694, 78, 1, '01', 'FALSE', '2022-12-25', '9999-12-31'),
(695, 78, 2, '144', 'FALSE', '2022-12-25', '9999-12-31'),
(696, 78, 3, '9900 5971 1999', 'FALSE', '2022-12-25', '9999-12-31'),
(697, 78, 4, '7303', 'FALSE', '2022-12-25', '9999-12-31'),
(698, 78, 5, '10037 10160 58294 17330 74742 92783 15120', 'FALSE', '2022-12-25', '9999-12-31'),
(699, 78, 6, '14201 50408', 'FALSE', '2022-12-25', '9999-12-31'),
(700, 78, 7, '27681', 'FALSE', '2022-12-25', '9999-12-31'),
(701, 78, 8, '32250', 'FALSE', '2022-12-25', '9999-12-31'),
(702, 78, 9, '928658', 'FALSE', '2022-12-25', '9999-12-31'),
(703, 79, 1, '12', 'FALSE', '2022-12-25', '9999-12-31'),
(704, 79, 2, '979', 'FALSE', '2022-12-25', '9999-12-31'),
(705, 79, 3, '9035 0282 5723', 'FALSE', '2022-12-25', '9999-12-31'),
(706, 79, 4, '8041', 'FALSE', '2022-12-25', '9999-12-31'),
(707, 79, 5, '03937 31532 03422 26779 53949 51136 19174', 'FALSE', '2022-12-25', '9999-12-31'),
(708, 79, 6, '74476 76233', 'FALSE', '2022-12-25', '9999-12-31'),
(709, 79, 7, '06793', 'FALSE', '2022-12-25', '9999-12-31'),
(710, 79, 8, '73556', 'FALSE', '2022-12-25', '9999-12-31'),
(711, 79, 9, '101232', 'FALSE', '2022-12-25', '9999-12-31'),
(712, 80, 1, '25', 'FALSE', '2022-12-25', '9999-12-31'),
(713, 80, 2, '294', 'FALSE', '2022-12-25', '9999-12-31'),
(714, 80, 3, '9292 3063 2961', 'FALSE', '2022-12-25', '9999-12-31'),
(715, 80, 4, '2019', 'FALSE', '2022-12-25', '9999-12-31'),
(716, 80, 5, '73104 70024 20261 99776 60497 57562 25221', 'FALSE', '2022-12-25', '9999-12-31'),
(717, 80, 6, '20216 15576', 'FALSE', '2022-12-25', '9999-12-31'),
(718, 80, 7, '76447', 'FALSE', '2022-12-25', '9999-12-31'),
(719, 80, 8, '98096', 'FALSE', '2022-12-25', '9999-12-31'),
(720, 80, 9, '777143', 'FALSE', '2022-12-25', '9999-12-31'),
(721, 81, 1, '55', 'FALSE', '2022-12-25', '9999-12-31'),
(722, 81, 2, '298', 'FALSE', '2022-12-25', '9999-12-31'),
(723, 81, 3, '1138 0597 3507', 'FALSE', '2022-12-25', '9999-12-31'),
(724, 81, 4, '7018', 'FALSE', '2022-12-25', '9999-12-31'),
(725, 81, 5, '38963 04251 57761 84330 59399 43329 26329', 'FALSE', '2022-12-25', '9999-12-31'),
(726, 81, 6, '18216 05174', 'FALSE', '2022-12-25', '9999-12-31'),
(727, 81, 7, '70734', 'FALSE', '2022-12-25', '9999-12-31'),
(728, 81, 8, '09464', 'FALSE', '2022-12-25', '9999-12-31'),
(729, 81, 9, '636972', 'FALSE', '2022-12-25', '9999-12-31'),
(730, 82, 1, '64', 'FALSE', '2022-12-25', '9999-12-31'),
(731, 82, 2, '625', 'FALSE', '2022-12-25', '9999-12-31'),
(732, 82, 3, '2729 2452 8663', 'FALSE', '2022-12-25', '9999-12-31'),
(733, 82, 4, '2051', 'FALSE', '2022-12-25', '9999-12-31'),
(734, 82, 5, '23838 08618 50928 40687 15130 09295 42198', 'FALSE', '2022-12-25', '9999-12-31'),
(735, 82, 6, '61766 21872', 'FALSE', '2022-12-25', '9999-12-31'),
(736, 82, 7, '24343', 'FALSE', '2022-12-25', '9999-12-31'),
(737, 82, 8, '17414', 'FALSE', '2022-12-25', '9999-12-31'),
(738, 82, 9, '851446', 'FALSE', '2022-12-25', '9999-12-31'),
(739, 83, 1, '03', 'FALSE', '2022-12-25', '9999-12-31'),
(740, 83, 2, '527', 'FALSE', '2022-12-25', '9999-12-31'),
(741, 83, 3, '8905 4903 1051', 'FALSE', '2022-12-25', '9999-12-31'),
(742, 83, 4, '2920', 'FALSE', '2022-12-25', '9999-12-31'),
(743, 83, 5, '24707 33359 97808 40794 25110 05242 12939', 'FALSE', '2022-12-25', '9999-12-31'),
(744, 83, 6, '75932 07286', 'FALSE', '2022-12-25', '9999-12-31'),
(745, 83, 7, '68781', 'FALSE', '2022-12-25', '9999-12-31'),
(746, 83, 8, '74375', 'FALSE', '2022-12-25', '9999-12-31'),
(747, 83, 9, '696215', 'FALSE', '2022-12-25', '9999-12-31'),
(748, 84, 1, '56', 'FALSE', '2022-12-25', '9999-12-31'),
(749, 84, 2, '395', 'FALSE', '2022-12-25', '9999-12-31'),
(750, 84, 3, '7701 6702 5883', 'FALSE', '2022-12-25', '9999-12-31'),
(751, 84, 4, '9899', 'FALSE', '2022-12-25', '9999-12-31'),
(752, 84, 5, '67200 30652 78406 77322 77876 29368 89863', 'FALSE', '2022-12-25', '9999-12-31'),
(753, 84, 6, '00116 51309', 'FALSE', '2022-12-25', '9999-12-31'),
(754, 84, 7, '09376', 'FALSE', '2022-12-25', '9999-12-31'),
(755, 84, 8, '77642', 'FALSE', '2022-12-25', '9999-12-31'),
(756, 84, 9, '635253', 'FALSE', '2022-12-25', '9999-12-31'),
(757, 85, 1, '74', 'FALSE', '2022-12-25', '9999-12-31'),
(758, 85, 2, '267', 'FALSE', '2022-12-25', '9999-12-31'),
(759, 85, 3, '1227 7470 8561', 'FALSE', '2022-12-25', '9999-12-31'),
(760, 85, 4, '3776', 'FALSE', '2022-12-25', '9999-12-31'),
(761, 85, 5, '22637 08305 36919 54926 52147 93432 60378', 'FALSE', '2022-12-25', '9999-12-31'),
(762, 85, 6, '49356 66430', 'FALSE', '2022-12-25', '9999-12-31'),
(763, 85, 7, '60161', 'FALSE', '2022-12-25', '9999-12-31'),
(764, 85, 8, '49805', 'FALSE', '2022-12-25', '9999-12-31'),
(765, 85, 9, '003081', 'FALSE', '2022-12-25', '9999-12-31'),
(766, 86, 1, '60', 'FALSE', '2022-12-25', '9999-12-31'),
(767, 86, 2, '789', 'FALSE', '2022-12-25', '9999-12-31'),
(768, 86, 3, '3801 3250 1912', 'FALSE', '2022-12-25', '9999-12-31'),
(769, 86, 4, '3238', 'FALSE', '2022-12-25', '9999-12-31'),
(770, 86, 5, '87118 90791 39025 62000 27767 35313 39258', 'FALSE', '2022-12-25', '9999-12-31'),
(771, 86, 6, '53665 85888', 'FALSE', '2022-12-25', '9999-12-31'),
(772, 86, 7, '35289', 'FALSE', '2022-12-25', '9999-12-31'),
(773, 86, 8, '01473', 'FALSE', '2022-12-25', '9999-12-31'),
(774, 86, 9, '192219', 'FALSE', '2022-12-25', '9999-12-31'),
(775, 87, 1, '13', 'FALSE', '2022-12-25', '9999-12-31'),
(776, 87, 2, '000', 'FALSE', '2022-12-25', '9999-12-31'),
(777, 87, 3, '9303 4178 5107', 'FALSE', '2022-12-25', '9999-12-31'),
(778, 87, 4, '8202', 'FALSE', '2022-12-25', '9999-12-31'),
(779, 87, 5, '93778 40023 87524 43141 89111 58924 66619', 'FALSE', '2022-12-25', '9999-12-31'),
(780, 87, 6, '89234 55433', 'FALSE', '2022-12-25', '9999-12-31'),
(781, 87, 7, '61863', 'FALSE', '2022-12-25', '9999-12-31'),
(782, 87, 8, '78084', 'FALSE', '2022-12-25', '9999-12-31'),
(783, 87, 9, '615564', 'FALSE', '2022-12-25', '9999-12-31'),
(784, 88, 1, '86', 'FALSE', '2022-12-25', '9999-12-31'),
(785, 88, 2, '694', 'FALSE', '2022-12-25', '9999-12-31'),
(786, 88, 3, '1948 7838 9112', 'FALSE', '2022-12-25', '9999-12-31'),
(787, 88, 4, '2833', 'FALSE', '2022-12-25', '9999-12-31'),
(788, 88, 5, '44372 89734 92196 29996 51465 31917 03491', 'FALSE', '2022-12-25', '9999-12-31'),
(789, 88, 6, '58028 07835', 'FALSE', '2022-12-25', '9999-12-31'),
(790, 88, 7, '99629', 'FALSE', '2022-12-25', '9999-12-31'),
(791, 88, 8, '81343', 'FALSE', '2022-12-25', '9999-12-31'),
(792, 88, 9, '776985', 'FALSE', '2022-12-25', '9999-12-31'),
(793, 89, 1, '48', 'FALSE', '2022-12-25', '9999-12-31');
INSERT INTO `result` (`id_re`, `id_lot`, `id_pri`, `result`, `is_delete`, `update_date`, `expried_date`) VALUES
(794, 89, 2, '637', 'FALSE', '2022-12-25', '9999-12-31'),
(795, 89, 3, '4600 9780 6103', 'FALSE', '2022-12-25', '9999-12-31'),
(796, 89, 4, '7443', 'FALSE', '2022-12-25', '9999-12-31'),
(797, 89, 5, '31507 72485 35188 61395 88764 60019 49619', 'FALSE', '2022-12-25', '9999-12-31'),
(798, 89, 6, '09653 51804', 'FALSE', '2022-12-25', '9999-12-31'),
(799, 89, 7, '34856', 'FALSE', '2022-12-25', '9999-12-31'),
(800, 89, 8, '13862', 'FALSE', '2022-12-25', '9999-12-31'),
(801, 89, 9, '465755', 'FALSE', '2022-12-25', '9999-12-31'),
(802, 90, 1, '97', 'FALSE', '2022-12-25', '9999-12-31'),
(803, 90, 2, '486', 'FALSE', '2022-12-25', '9999-12-31'),
(804, 90, 3, '4296 0036 0990', 'FALSE', '2022-12-25', '9999-12-31'),
(805, 90, 4, '4079', 'FALSE', '2022-12-25', '9999-12-31'),
(806, 90, 5, '47966 89152 70339 19578 00527 46762 09801', 'FALSE', '2022-12-25', '9999-12-31'),
(807, 90, 6, '54132 63104', 'FALSE', '2022-12-25', '9999-12-31'),
(808, 90, 7, '63555', 'FALSE', '2022-12-25', '9999-12-31'),
(809, 90, 8, '21744', 'FALSE', '2022-12-25', '9999-12-31'),
(810, 90, 9, '114966', 'FALSE', '2022-12-25', '9999-12-31'),
(811, 91, 1, '38', 'FALSE', '2022-12-25', '9999-12-31'),
(812, 91, 2, '342', 'FALSE', '2022-12-25', '9999-12-31'),
(813, 91, 3, '2347 6399 4276', 'FALSE', '2022-12-25', '9999-12-31'),
(814, 91, 4, '9703', 'FALSE', '2022-12-25', '9999-12-31'),
(815, 91, 5, '73920 45459 44405 34417 85869 96384 10348', 'FALSE', '2022-12-25', '9999-12-31'),
(816, 91, 6, '93531 46699', 'FALSE', '2022-12-25', '9999-12-31'),
(817, 91, 7, '36050', 'FALSE', '2022-12-25', '9999-12-31'),
(818, 91, 8, '50350', 'FALSE', '2022-12-25', '9999-12-31'),
(819, 91, 9, '849725', 'FALSE', '2022-12-25', '9999-12-31'),
(820, 92, 1, '71', 'FALSE', '2022-12-25', '9999-12-31'),
(821, 92, 2, '645', 'FALSE', '2022-12-25', '9999-12-31'),
(822, 92, 3, '2077 8523 2159', 'FALSE', '2022-12-25', '9999-12-31'),
(823, 92, 4, '8331', 'FALSE', '2022-12-25', '9999-12-31'),
(824, 92, 5, '09256 46296 46457 73319 12289 50090 14977', 'FALSE', '2022-12-25', '9999-12-31'),
(825, 92, 6, '80967 23477', 'FALSE', '2022-12-25', '9999-12-31'),
(826, 92, 7, '84837', 'FALSE', '2022-12-25', '9999-12-31'),
(827, 92, 8, '86403', 'FALSE', '2022-12-25', '9999-12-31'),
(828, 92, 9, '336226', 'FALSE', '2022-12-25', '9999-12-31'),
(829, 93, 1, '90', 'FALSE', '2022-12-25', '9999-12-31'),
(830, 93, 2, '067', 'FALSE', '2022-12-25', '9999-12-31'),
(831, 93, 3, '1225 0462 1268', 'FALSE', '2022-12-25', '9999-12-31'),
(832, 93, 4, '2158', 'FALSE', '2022-12-25', '9999-12-31'),
(833, 93, 5, '31494 30154 56906 70298 65767 65269 45940', 'FALSE', '2022-12-25', '9999-12-31'),
(834, 93, 6, '80758 51181', 'FALSE', '2022-12-25', '9999-12-31'),
(835, 93, 7, '27511', 'FALSE', '2022-12-25', '9999-12-31'),
(836, 93, 8, '40107', 'FALSE', '2022-12-25', '9999-12-31'),
(837, 93, 9, '404601', 'FALSE', '2022-12-25', '9999-12-31'),
(838, 94, 1, '36', 'FALSE', '2022-12-25', '9999-12-31'),
(839, 94, 2, '440', 'FALSE', '2022-12-25', '9999-12-31'),
(840, 94, 3, '2765 2380 4262', 'FALSE', '2022-12-25', '9999-12-31'),
(841, 94, 4, '4467', 'FALSE', '2022-12-25', '9999-12-31'),
(842, 94, 5, '32792 89535 85664 94231 15415 59332 37482', 'FALSE', '2022-12-25', '9999-12-31'),
(843, 94, 6, '61464 94479', 'FALSE', '2022-12-25', '9999-12-31'),
(844, 94, 7, '52027', 'FALSE', '2022-12-25', '9999-12-31'),
(845, 94, 8, '75203', 'FALSE', '2022-12-25', '9999-12-31'),
(846, 94, 9, '425636', 'FALSE', '2022-12-25', '9999-12-31'),
(847, 95, 1, '91', 'FALSE', '2022-12-25', '9999-12-31'),
(848, 95, 2, '749', 'FALSE', '2022-12-25', '9999-12-31'),
(849, 95, 3, '0830 5638 4402', 'FALSE', '2022-12-25', '9999-12-31'),
(850, 95, 4, '4719', 'FALSE', '2022-12-25', '9999-12-31'),
(851, 95, 5, '96387 87236 63899 96654 64180 49366 40940', 'FALSE', '2022-12-25', '9999-12-31'),
(852, 95, 6, '88254 02223', 'FALSE', '2022-12-25', '9999-12-31'),
(853, 95, 7, '93341', 'FALSE', '2022-12-25', '9999-12-31'),
(854, 95, 8, '54507', 'FALSE', '2022-12-25', '9999-12-31'),
(855, 95, 9, '773544', 'FALSE', '2022-12-25', '9999-12-31'),
(856, 96, 1, '91', 'FALSE', '2022-12-25', '9999-12-31'),
(857, 96, 2, '122', 'FALSE', '2022-12-25', '9999-12-31'),
(858, 96, 3, '6962 3140 7102', 'FALSE', '2022-12-25', '9999-12-31'),
(859, 96, 4, '0457', 'FALSE', '2022-12-25', '9999-12-31'),
(860, 96, 5, '06626 71459 44390 79043 46111 00841 55145', 'FALSE', '2022-12-25', '9999-12-31'),
(861, 96, 6, '40626 86840', 'FALSE', '2022-12-25', '9999-12-31'),
(862, 96, 7, '12249', 'FALSE', '2022-12-25', '9999-12-31'),
(863, 96, 8, '45806', 'FALSE', '2022-12-25', '9999-12-31'),
(864, 96, 9, '438889', 'FALSE', '2022-12-25', '9999-12-31'),
(865, 97, 1, '01', 'FALSE', '2022-12-25', '9999-12-31'),
(866, 97, 2, '394', 'FALSE', '2022-12-25', '9999-12-31'),
(867, 97, 3, '7741 4693 8140', 'FALSE', '2022-12-25', '9999-12-31'),
(868, 97, 4, '5463', 'FALSE', '2022-12-25', '9999-12-31'),
(869, 97, 5, '65784 86876 77737 70501 41637 12234 73935', 'FALSE', '2022-12-25', '9999-12-31'),
(870, 97, 6, '70703 53211', 'FALSE', '2022-12-25', '9999-12-31'),
(871, 97, 7, '20708', 'FALSE', '2022-12-25', '9999-12-31'),
(872, 97, 8, '69778', 'FALSE', '2022-12-25', '9999-12-31'),
(873, 97, 9, '289076', 'FALSE', '2022-12-25', '9999-12-31'),
(874, 98, 1, '24', 'FALSE', '2022-12-25', '9999-12-31'),
(875, 98, 2, '481', 'FALSE', '2022-12-25', '9999-12-31'),
(876, 98, 3, '3775 7765 1953', 'FALSE', '2022-12-25', '9999-12-31'),
(877, 98, 4, '4768', 'FALSE', '2022-12-25', '9999-12-31'),
(878, 98, 5, '66206 05638 30670 04739 36473 84612 46137', 'FALSE', '2022-12-25', '9999-12-31'),
(879, 98, 6, '04655 05602', 'FALSE', '2022-12-25', '9999-12-31'),
(880, 98, 7, '85140', 'FALSE', '2022-12-25', '9999-12-31'),
(881, 98, 8, '32498', 'FALSE', '2022-12-25', '9999-12-31'),
(882, 98, 9, '408415', 'FALSE', '2022-12-25', '9999-12-31'),
(883, 99, 1, '41', 'FALSE', '2022-12-25', '9999-12-31'),
(884, 99, 2, '372', 'FALSE', '2022-12-25', '9999-12-31'),
(885, 99, 3, '5536 5693 6203', 'FALSE', '2022-12-25', '9999-12-31'),
(886, 99, 4, '5653', 'FALSE', '2022-12-25', '9999-12-31'),
(887, 99, 5, '00687 18097 75123 97246 48617 20262 64683', 'FALSE', '2022-12-25', '9999-12-31'),
(888, 99, 6, '91426 24980', 'FALSE', '2022-12-25', '9999-12-31'),
(889, 99, 7, '31803', 'FALSE', '2022-12-25', '9999-12-31'),
(890, 99, 8, '92022', 'FALSE', '2022-12-25', '9999-12-31'),
(891, 99, 9, '172512', 'FALSE', '2022-12-25', '9999-12-31'),
(892, 100, 1, '82', 'FALSE', '2022-12-25', '9999-12-31'),
(893, 100, 2, '517', 'FALSE', '2022-12-25', '9999-12-31'),
(894, 100, 3, '9302 3526 7540', 'FALSE', '2022-12-25', '9999-12-31'),
(895, 100, 4, '7712', 'FALSE', '2022-12-25', '9999-12-31'),
(896, 100, 5, '29107 07390 03282 18918 85063 69702 23469', 'FALSE', '2022-12-25', '9999-12-31'),
(897, 100, 6, '08267 49383', 'FALSE', '2022-12-25', '9999-12-31'),
(898, 100, 7, '53821', 'FALSE', '2022-12-25', '9999-12-31'),
(899, 100, 8, '90270', 'FALSE', '2022-12-25', '9999-12-31'),
(900, 100, 9, '876196', 'FALSE', '2022-12-25', '9999-12-31'),
(901, 101, 1, '79', 'FALSE', '2022-12-25', '9999-12-31'),
(902, 101, 2, '839', 'FALSE', '2022-12-25', '9999-12-31'),
(903, 101, 3, '1640 7278 3743', 'FALSE', '2022-12-25', '9999-12-31'),
(904, 101, 4, '7843', 'FALSE', '2022-12-25', '9999-12-31'),
(905, 101, 5, '13950 75819 92909 97648 94257 89975 81458', 'FALSE', '2022-12-25', '9999-12-31'),
(906, 101, 6, '26921 49307', 'FALSE', '2022-12-25', '9999-12-31'),
(907, 101, 7, '95376', 'FALSE', '2022-12-25', '9999-12-31'),
(908, 101, 8, '07369', 'FALSE', '2022-12-25', '9999-12-31'),
(909, 101, 9, '602856', 'FALSE', '2022-12-25', '9999-12-31'),
(910, 102, 1, '59', 'FALSE', '2022-12-25', '9999-12-31'),
(911, 102, 2, '587', 'FALSE', '2022-12-25', '9999-12-31'),
(912, 102, 3, '2884 9918 6181', 'FALSE', '2022-12-25', '9999-12-31'),
(913, 102, 4, '2954', 'FALSE', '2022-12-25', '9999-12-31'),
(914, 102, 5, '43243 43715 39710 31411 77451 22676 83258', 'FALSE', '2022-12-25', '9999-12-31'),
(915, 102, 6, '90802 01569', 'FALSE', '2022-12-25', '9999-12-31'),
(916, 102, 7, '07478', 'FALSE', '2022-12-25', '9999-12-31'),
(917, 102, 8, '81072', 'FALSE', '2022-12-25', '9999-12-31'),
(918, 102, 9, '071559', 'FALSE', '2022-12-25', '9999-12-31'),
(919, 103, 1, '65', 'FALSE', '2022-12-25', '9999-12-31'),
(920, 103, 2, '516', 'FALSE', '2022-12-25', '9999-12-31'),
(921, 103, 3, '0866 4838 2649', 'FALSE', '2022-12-25', '9999-12-31'),
(922, 103, 4, '7673', 'FALSE', '2022-12-25', '9999-12-31'),
(923, 103, 5, '95545 76709 52143 92857 71441 52517 62935', 'FALSE', '2022-12-25', '9999-12-31'),
(924, 103, 6, '61843 83576', 'FALSE', '2022-12-25', '9999-12-31'),
(925, 103, 7, '05014', 'FALSE', '2022-12-25', '9999-12-31'),
(926, 103, 8, '56536', 'FALSE', '2022-12-25', '9999-12-31'),
(927, 103, 9, '929130', 'FALSE', '2022-12-25', '9999-12-31'),
(928, 104, 1, '07', 'FALSE', '2022-12-25', '9999-12-31'),
(929, 104, 2, '929', 'FALSE', '2022-12-25', '9999-12-31'),
(930, 104, 3, '1792 0427 8349', 'FALSE', '2022-12-25', '9999-12-31'),
(931, 104, 4, '3465', 'FALSE', '2022-12-25', '9999-12-31'),
(932, 104, 5, '09993 18156 95249 18655 74094 31680 30908', 'FALSE', '2022-12-25', '9999-12-31'),
(933, 104, 6, '83276 34908', 'FALSE', '2022-12-25', '9999-12-31'),
(934, 104, 7, '90298', 'FALSE', '2022-12-25', '9999-12-31'),
(935, 104, 8, '26943', 'FALSE', '2022-12-25', '9999-12-31'),
(936, 104, 9, '304275', 'FALSE', '2022-12-25', '9999-12-31'),
(937, 105, 1, '44', 'FALSE', '2022-12-25', '9999-12-31'),
(938, 105, 2, '960', 'FALSE', '2022-12-25', '9999-12-31'),
(939, 105, 3, '7383 5598 8890', 'FALSE', '2022-12-25', '9999-12-31'),
(940, 105, 4, '3013', 'FALSE', '2022-12-25', '9999-12-31'),
(941, 105, 5, '69795 28941 65667 17664 61330 25404 90215', 'FALSE', '2022-12-25', '9999-12-31'),
(942, 105, 6, '10246 82717', 'FALSE', '2022-12-25', '9999-12-31'),
(943, 105, 7, '33334', 'FALSE', '2022-12-25', '9999-12-31'),
(944, 105, 8, '54242', 'FALSE', '2022-12-25', '9999-12-31'),
(945, 105, 9, '973507', 'FALSE', '2022-12-25', '9999-12-31'),
(946, 106, 1, '78', 'FALSE', '2022-12-25', '9999-12-31'),
(947, 106, 2, '209', 'FALSE', '2022-12-25', '9999-12-31'),
(948, 106, 3, '1072 1952 8890', 'FALSE', '2022-12-25', '9999-12-31'),
(949, 106, 4, '2853', 'FALSE', '2022-12-25', '9999-12-31'),
(950, 106, 5, '83699 72459 76087 43135 20884 23976 57547', 'FALSE', '2022-12-25', '9999-12-31'),
(951, 106, 6, '55953 52313', 'FALSE', '2022-12-25', '9999-12-31'),
(952, 106, 7, '11642', 'FALSE', '2022-12-25', '9999-12-31'),
(953, 106, 8, '04262', 'FALSE', '2022-12-25', '9999-12-31'),
(954, 106, 9, '744789', 'FALSE', '2022-12-25', '9999-12-31'),
(955, 107, 1, '11', 'FALSE', '2022-12-25', '9999-12-31'),
(956, 107, 2, '402', 'FALSE', '2022-12-25', '9999-12-31'),
(957, 107, 3, '1957 8379 4591', 'FALSE', '2022-12-25', '9999-12-31'),
(958, 107, 4, '5569', 'FALSE', '2022-12-25', '9999-12-31'),
(959, 107, 5, '76015 98026 57725 05175 03625 97915 66890', 'FALSE', '2022-12-25', '9999-12-31'),
(960, 107, 6, '02042 23706', 'FALSE', '2022-12-25', '9999-12-31'),
(961, 107, 7, '02539', 'FALSE', '2022-12-25', '9999-12-31'),
(962, 107, 8, '68907', 'FALSE', '2022-12-25', '9999-12-31'),
(963, 107, 9, '713308', 'FALSE', '2022-12-25', '9999-12-31'),
(964, 108, 1, '67', 'FALSE', '2022-12-25', '9999-12-31'),
(965, 108, 2, '099', 'FALSE', '2022-12-25', '9999-12-31'),
(966, 108, 3, '7820 9036 8611', 'FALSE', '2022-12-25', '9999-12-31'),
(967, 108, 4, '9451', 'FALSE', '2022-12-25', '9999-12-31'),
(968, 108, 5, '79814 96240 90793 62178 68200 53579 89060', 'FALSE', '2022-12-25', '9999-12-31'),
(969, 108, 6, '87641 65073', 'FALSE', '2022-12-25', '9999-12-31'),
(970, 108, 7, '52275', 'FALSE', '2022-12-25', '9999-12-31'),
(971, 108, 8, '78240', 'FALSE', '2022-12-25', '9999-12-31'),
(972, 108, 9, '856327', 'FALSE', '2022-12-25', '9999-12-31'),
(973, 109, 1, '38', 'FALSE', '2022-12-25', '9999-12-31'),
(974, 109, 2, '772', 'FALSE', '2022-12-25', '9999-12-31'),
(975, 109, 3, '3808 7287 4734', 'FALSE', '2022-12-25', '9999-12-31'),
(976, 109, 4, '6253', 'FALSE', '2022-12-25', '9999-12-31'),
(977, 109, 5, '52229 46483 33203 76064 25687 99874 94258', 'FALSE', '2022-12-25', '9999-12-31'),
(978, 109, 6, '53081 30765', 'FALSE', '2022-12-25', '9999-12-31'),
(979, 109, 7, '76240', 'FALSE', '2022-12-25', '9999-12-31'),
(980, 109, 8, '49533', 'FALSE', '2022-12-25', '9999-12-31'),
(981, 109, 9, '114125', 'FALSE', '2022-12-25', '9999-12-31'),
(982, 110, 1, '21', 'FALSE', '2022-12-25', '9999-12-31'),
(983, 110, 2, '455', 'FALSE', '2022-12-25', '9999-12-31'),
(984, 110, 3, '4896 2726 8752', 'FALSE', '2022-12-25', '9999-12-31'),
(985, 110, 4, '2544', 'FALSE', '2022-12-25', '9999-12-31'),
(986, 110, 5, '60218 15269 17976 36796 26813 87966 31685', 'FALSE', '2022-12-25', '9999-12-31'),
(987, 110, 6, '10196 31809', 'FALSE', '2022-12-25', '9999-12-31'),
(988, 110, 7, '20284', 'FALSE', '2022-12-25', '9999-12-31'),
(989, 110, 8, '49480', 'FALSE', '2022-12-25', '9999-12-31'),
(990, 110, 9, '280219', 'FALSE', '2022-12-25', '9999-12-31'),
(991, 111, 1, '35', 'FALSE', '2022-12-25', '9999-12-31'),
(992, 111, 2, '906', 'FALSE', '2022-12-25', '9999-12-31'),
(993, 111, 3, '7661 1519 7975', 'FALSE', '2022-12-25', '9999-12-31'),
(994, 111, 4, '8099', 'FALSE', '2022-12-25', '9999-12-31'),
(995, 111, 5, '41465 43252 38941 66866 22327 08195 84936', 'FALSE', '2022-12-25', '9999-12-31'),
(996, 111, 6, '14147 37593', 'FALSE', '2022-12-25', '9999-12-31'),
(997, 111, 7, '14818', 'FALSE', '2022-12-25', '9999-12-31'),
(998, 111, 8, '64859', 'FALSE', '2022-12-25', '9999-12-31'),
(999, 111, 9, '699189', 'FALSE', '2022-12-25', '9999-12-31'),
(1000, 112, 1, '60', 'FALSE', '2022-12-25', '9999-12-31'),
(1001, 112, 2, '440', 'FALSE', '2022-12-25', '9999-12-31'),
(1002, 112, 3, '3357 7305 3161', 'FALSE', '2022-12-25', '9999-12-31'),
(1003, 112, 4, '8597', 'FALSE', '2022-12-25', '9999-12-31'),
(1004, 112, 5, '98154 77411 29353 34116 93806 89787 49418', 'FALSE', '2022-12-25', '9999-12-31'),
(1005, 112, 6, '03700 20858', 'FALSE', '2022-12-25', '9999-12-31'),
(1006, 112, 7, '57985', 'FALSE', '2022-12-25', '9999-12-31'),
(1007, 112, 8, '13145', 'FALSE', '2022-12-25', '9999-12-31'),
(1008, 112, 9, '480954', 'FALSE', '2022-12-25', '9999-12-31'),
(1009, 113, 1, '75', 'FALSE', '2022-12-25', '9999-12-31'),
(1010, 113, 2, '420', 'FALSE', '2022-12-25', '9999-12-31'),
(1011, 113, 3, '4867 5797 2941', 'FALSE', '2022-12-25', '9999-12-31'),
(1012, 113, 4, '0310', 'FALSE', '2022-12-25', '9999-12-31'),
(1013, 113, 5, '28883 19602 32631 79137 34397 02357 97249', 'FALSE', '2022-12-25', '9999-12-31'),
(1014, 113, 6, '11425 70915', 'FALSE', '2022-12-25', '9999-12-31'),
(1015, 113, 7, '45858', 'FALSE', '2022-12-25', '9999-12-31'),
(1016, 113, 8, '82355', 'FALSE', '2022-12-25', '9999-12-31'),
(1017, 113, 9, '096372', 'FALSE', '2022-12-25', '9999-12-31'),
(1018, 114, 1, '85', 'FALSE', '2022-12-25', '9999-12-31'),
(1019, 114, 2, '320', 'FALSE', '2022-12-25', '9999-12-31'),
(1020, 114, 3, '3368 7610 2873', 'FALSE', '2022-12-25', '9999-12-31'),
(1021, 114, 4, '2519', 'FALSE', '2022-12-25', '9999-12-31'),
(1022, 114, 5, '93804 54060 98371 53721 44033 25866 59432', 'FALSE', '2022-12-25', '9999-12-31'),
(1023, 114, 6, '70884 76651', 'FALSE', '2022-12-25', '9999-12-31'),
(1024, 114, 7, '51194', 'FALSE', '2022-12-25', '9999-12-31'),
(1025, 114, 8, '63490', 'FALSE', '2022-12-25', '9999-12-31'),
(1026, 114, 9, '871939', 'FALSE', '2022-12-25', '9999-12-31'),
(1027, 115, 1, '43', 'FALSE', '2022-12-25', '9999-12-31'),
(1028, 115, 2, '179', 'FALSE', '2022-12-25', '9999-12-31'),
(1029, 115, 3, '2473 8373 2144', 'FALSE', '2022-12-25', '9999-12-31'),
(1030, 115, 4, '8386', 'FALSE', '2022-12-25', '9999-12-31'),
(1031, 115, 5, '01798 19660 32246 04223 88596 21409 67457', 'FALSE', '2022-12-25', '9999-12-31'),
(1032, 115, 6, '74720 94345', 'FALSE', '2022-12-25', '9999-12-31'),
(1033, 115, 7, '21817', 'FALSE', '2022-12-25', '9999-12-31'),
(1034, 115, 8, '98239', 'FALSE', '2022-12-25', '9999-12-31'),
(1035, 115, 9, '167038', 'FALSE', '2022-12-25', '9999-12-31'),
(1036, 116, 1, '63', 'FALSE', '2022-12-25', '9999-12-31'),
(1037, 116, 2, '083', 'FALSE', '2022-12-25', '9999-12-31'),
(1038, 116, 3, '2469 5424 2251', 'FALSE', '2022-12-25', '9999-12-31'),
(1039, 116, 4, '2303', 'FALSE', '2022-12-25', '9999-12-31'),
(1040, 116, 5, '62473 43255 00107 45438 43156 20703 37094', 'FALSE', '2022-12-25', '9999-12-31'),
(1041, 116, 6, '00377 35913', 'FALSE', '2022-12-25', '9999-12-31'),
(1042, 116, 7, '76572', 'FALSE', '2022-12-25', '9999-12-31'),
(1043, 116, 8, '90050', 'FALSE', '2022-12-25', '9999-12-31'),
(1044, 116, 9, '423071', 'FALSE', '2022-12-25', '9999-12-31'),
(1045, 117, 1, '06', 'FALSE', '2022-12-25', '9999-12-31'),
(1046, 117, 2, '816', 'FALSE', '2022-12-25', '9999-12-31'),
(1047, 117, 3, '9426 1135 8247', 'FALSE', '2022-12-25', '9999-12-31'),
(1048, 117, 4, '1888', 'FALSE', '2022-12-25', '9999-12-31'),
(1049, 117, 5, '50453 06255 61631 13568 32588 29397 21186', 'FALSE', '2022-12-25', '9999-12-31'),
(1050, 117, 6, '93437 34515', 'FALSE', '2022-12-25', '9999-12-31'),
(1051, 117, 7, '54459', 'FALSE', '2022-12-25', '9999-12-31'),
(1052, 117, 8, '96038', 'FALSE', '2022-12-25', '9999-12-31'),
(1053, 117, 9, '337741', 'FALSE', '2022-12-25', '9999-12-31'),
(1054, 118, 1, '36', 'FALSE', '2022-12-25', '9999-12-31'),
(1055, 118, 2, '601', 'FALSE', '2022-12-25', '9999-12-31'),
(1056, 118, 3, '5792 5162 1197', 'FALSE', '2022-12-25', '9999-12-31'),
(1057, 118, 4, '4483', 'FALSE', '2022-12-25', '9999-12-31'),
(1058, 118, 5, '00700 91754 24136 31967 32211 01529 40921', 'FALSE', '2022-12-25', '9999-12-31'),
(1059, 118, 6, '02238 95510', 'FALSE', '2022-12-25', '9999-12-31'),
(1060, 118, 7, '58230', 'FALSE', '2022-12-25', '9999-12-31'),
(1061, 118, 8, '88548', 'FALSE', '2022-12-25', '9999-12-31'),
(1062, 118, 9, '782904', 'FALSE', '2022-12-25', '9999-12-31'),
(1063, 119, 1, '68', 'FALSE', '2022-12-25', '9999-12-31'),
(1064, 119, 2, '882', 'FALSE', '2022-12-25', '9999-12-31'),
(1065, 119, 3, '0662 0515 6627', 'FALSE', '2022-12-25', '9999-12-31'),
(1066, 119, 4, '4849', 'FALSE', '2022-12-25', '9999-12-31'),
(1067, 119, 5, '00963 58716 24670 62607 80946 23545 40420', 'FALSE', '2022-12-25', '9999-12-31'),
(1068, 119, 6, '84017 17901', 'FALSE', '2022-12-25', '9999-12-31'),
(1069, 119, 7, '34835', 'FALSE', '2022-12-25', '9999-12-31'),
(1070, 119, 8, '07425', 'FALSE', '2022-12-25', '9999-12-31'),
(1071, 119, 9, '140732', 'FALSE', '2022-12-25', '9999-12-31'),
(1072, 120, 1, '42', 'FALSE', '2022-12-25', '9999-12-31'),
(1073, 120, 2, '711', 'FALSE', '2022-12-25', '9999-12-31'),
(1074, 120, 3, '4045 4631 9858', 'FALSE', '2022-12-25', '9999-12-31'),
(1075, 120, 4, '6736', 'FALSE', '2022-12-25', '9999-12-31'),
(1076, 120, 5, '14023 13803 76771 03457 14617 02778 43021', 'FALSE', '2022-12-25', '9999-12-31'),
(1077, 120, 6, '02019 91153', 'FALSE', '2022-12-25', '9999-12-31'),
(1078, 120, 7, '00681', 'FALSE', '2022-12-25', '9999-12-31'),
(1079, 120, 8, '92627', 'FALSE', '2022-12-25', '9999-12-31'),
(1080, 120, 9, '685342', 'FALSE', '2022-12-25', '9999-12-31'),
(1081, 121, 1, '53', 'FALSE', '2022-12-25', '9999-12-31'),
(1082, 121, 2, '808', 'FALSE', '2022-12-25', '9999-12-31'),
(1083, 121, 3, '0974 7632 6676', 'FALSE', '2022-12-25', '9999-12-31'),
(1084, 121, 4, '3155', 'FALSE', '2022-12-25', '9999-12-31'),
(1085, 121, 5, '37193 34549 12059 95777 93871 37513 75601', 'FALSE', '2022-12-25', '9999-12-31'),
(1086, 121, 6, '57827 60767', 'FALSE', '2022-12-25', '9999-12-31'),
(1087, 121, 7, '23740', 'FALSE', '2022-12-25', '9999-12-31'),
(1088, 121, 8, '20588', 'FALSE', '2022-12-25', '9999-12-31'),
(1089, 121, 9, '900596', 'FALSE', '2022-12-25', '9999-12-31'),
(1090, 122, 1, '82', 'FALSE', '2022-12-25', '9999-12-31'),
(1091, 122, 2, '905', 'FALSE', '2022-12-25', '9999-12-31'),
(1092, 122, 3, '2759 9985 9389', 'FALSE', '2022-12-25', '9999-12-31'),
(1093, 122, 4, '5773', 'FALSE', '2022-12-25', '9999-12-31'),
(1094, 122, 5, '75349 49666 19901 87836 93023 91351 47269', 'FALSE', '2022-12-25', '9999-12-31'),
(1095, 122, 6, '22993 60368', 'FALSE', '2022-12-25', '9999-12-31'),
(1096, 122, 7, '73570', 'FALSE', '2022-12-25', '9999-12-31'),
(1097, 122, 8, '94935', 'FALSE', '2022-12-25', '9999-12-31'),
(1098, 122, 9, '719984', 'FALSE', '2022-12-25', '9999-12-31'),
(1099, 123, 1, '46', 'FALSE', '2022-12-25', '9999-12-31'),
(1100, 123, 2, '555', 'FALSE', '2022-12-25', '9999-12-31'),
(1101, 123, 3, '5026 6143 5286', 'FALSE', '2022-12-25', '9999-12-31'),
(1102, 123, 4, '5831', 'FALSE', '2022-12-25', '9999-12-31'),
(1103, 123, 5, '32222 07661 26605 63918 31596 96484 05498', 'FALSE', '2022-12-25', '9999-12-31'),
(1104, 123, 6, '90189 21048', 'FALSE', '2022-12-25', '9999-12-31'),
(1105, 123, 7, '63284', 'FALSE', '2022-12-25', '9999-12-31'),
(1106, 123, 8, '99574', 'FALSE', '2022-12-25', '9999-12-31'),
(1107, 123, 9, '261399', 'FALSE', '2022-12-25', '9999-12-31'),
(1108, 124, 1, '85', 'FALSE', '2022-12-25', '9999-12-31'),
(1109, 124, 2, '105', 'FALSE', '2022-12-25', '9999-12-31'),
(1110, 124, 3, '7494 3702 8263', 'FALSE', '2022-12-25', '9999-12-31'),
(1111, 124, 4, '7050', 'FALSE', '2022-12-25', '9999-12-31'),
(1112, 124, 5, '95783 88028 29213 18210 32449 68618 87734', 'FALSE', '2022-12-25', '9999-12-31'),
(1113, 124, 6, '03875 28125', 'FALSE', '2022-12-25', '9999-12-31'),
(1114, 124, 7, '01840', 'FALSE', '2022-12-25', '9999-12-31'),
(1115, 124, 8, '72529', 'FALSE', '2022-12-25', '9999-12-31'),
(1116, 124, 9, '318292', 'FALSE', '2022-12-25', '9999-12-31'),
(1117, 125, 1, '24', 'FALSE', '2022-12-25', '9999-12-31'),
(1118, 125, 2, '019', 'FALSE', '2022-12-25', '9999-12-31'),
(1119, 125, 3, '3117 5077 6851', 'FALSE', '2022-12-25', '9999-12-31'),
(1120, 125, 4, '7154', 'FALSE', '2022-12-25', '9999-12-31'),
(1121, 125, 5, '03930 37795 18709 99945 69559 19171 97196', 'FALSE', '2022-12-25', '9999-12-31'),
(1122, 125, 6, '56597 70773', 'FALSE', '2022-12-25', '9999-12-31'),
(1123, 125, 7, '98831', 'FALSE', '2022-12-25', '9999-12-31'),
(1124, 125, 8, '65478', 'FALSE', '2022-12-25', '9999-12-31'),
(1125, 125, 9, '980345', 'FALSE', '2022-12-25', '9999-12-31'),
(1126, 126, 1, '28', 'FALSE', '2022-12-25', '9999-12-31'),
(1127, 126, 2, '012', 'FALSE', '2022-12-25', '9999-12-31'),
(1128, 126, 3, '5705 1397 1731', 'FALSE', '2022-12-25', '9999-12-31'),
(1129, 126, 4, '5139', 'FALSE', '2022-12-25', '9999-12-31'),
(1130, 126, 5, '56325 07288 55741 56866 04063 79669 80819', 'FALSE', '2022-12-25', '9999-12-31'),
(1131, 126, 6, '42785 08306', 'FALSE', '2022-12-25', '9999-12-31'),
(1132, 126, 7, '17161', 'FALSE', '2022-12-25', '9999-12-31'),
(1133, 126, 8, '26717', 'FALSE', '2022-12-25', '9999-12-31'),
(1134, 126, 9, '310867', 'FALSE', '2022-12-25', '9999-12-31'),
(1135, 127, 1, '75', 'FALSE', '2022-12-25', '9999-12-31'),
(1136, 127, 2, '542', 'FALSE', '2022-12-25', '9999-12-31'),
(1137, 127, 3, '1615 0190 7825', 'FALSE', '2022-12-25', '9999-12-31'),
(1138, 127, 4, '8755', 'FALSE', '2022-12-25', '9999-12-31'),
(1139, 127, 5, '40769 48167 66302 37097 19165 65834 02827', 'FALSE', '2022-12-25', '9999-12-31'),
(1140, 127, 6, '34896 64909', 'FALSE', '2022-12-25', '9999-12-31'),
(1141, 127, 7, '88782', 'FALSE', '2022-12-25', '9999-12-31'),
(1142, 127, 8, '95624', 'FALSE', '2022-12-25', '9999-12-31'),
(1143, 127, 9, '116893', 'FALSE', '2022-12-25', '9999-12-31'),
(1144, 128, 1, '10', 'FALSE', '2022-12-25', '9999-12-31'),
(1145, 128, 2, '926', 'FALSE', '2022-12-25', '9999-12-31'),
(1146, 128, 3, '1820 9736 7418', 'FALSE', '2022-12-25', '9999-12-31'),
(1147, 128, 4, '5450', 'FALSE', '2022-12-25', '9999-12-31'),
(1148, 128, 5, '13222 56147 73613 63779 24350 74273 42100', 'FALSE', '2022-12-25', '9999-12-31'),
(1149, 128, 6, '87853 98406', 'FALSE', '2022-12-25', '9999-12-31'),
(1150, 128, 7, '31997', 'FALSE', '2022-12-25', '9999-12-31'),
(1151, 128, 8, '28967', 'FALSE', '2022-12-25', '9999-12-31'),
(1152, 128, 9, '523839', 'FALSE', '2022-12-25', '9999-12-31'),
(1153, 129, 1, '55', 'FALSE', '2022-12-25', '9999-12-31'),
(1154, 129, 2, '564', 'FALSE', '2022-12-25', '9999-12-31'),
(1155, 129, 3, '3494 6865 0915', 'FALSE', '2022-12-25', '9999-12-31'),
(1156, 129, 4, '0969', 'FALSE', '2022-12-25', '9999-12-31'),
(1157, 129, 5, '75445 94450 49035 24222 03445 36782 62186', 'FALSE', '2022-12-25', '9999-12-31'),
(1158, 129, 6, '02655 99691', 'FALSE', '2022-12-25', '9999-12-31'),
(1159, 129, 7, '62041', 'FALSE', '2022-12-25', '9999-12-31'),
(1160, 129, 8, '31486', 'FALSE', '2022-12-25', '9999-12-31'),
(1161, 129, 9, '146610', 'FALSE', '2022-12-25', '9999-12-31'),
(1162, 130, 1, '14', 'FALSE', '2022-12-25', '9999-12-31'),
(1163, 130, 2, '839', 'FALSE', '2022-12-25', '9999-12-31'),
(1164, 130, 3, '1654 8513 9728', 'FALSE', '2022-12-25', '9999-12-31'),
(1165, 130, 4, '3884', 'FALSE', '2022-12-25', '9999-12-31'),
(1166, 130, 5, '85754 59374 36442 32416 64628 26146 92522', 'FALSE', '2022-12-25', '9999-12-31'),
(1167, 130, 6, '14284 12769', 'FALSE', '2022-12-25', '9999-12-31'),
(1168, 130, 7, '23540', 'FALSE', '2022-12-25', '9999-12-31'),
(1169, 130, 8, '29988', 'FALSE', '2022-12-25', '9999-12-31'),
(1170, 130, 9, '692979', 'FALSE', '2022-12-25', '9999-12-31'),
(1171, 131, 1, '81', 'FALSE', '2022-12-25', '9999-12-31'),
(1172, 131, 2, '843', 'FALSE', '2022-12-25', '9999-12-31'),
(1173, 131, 3, '2153 6385 1188', 'FALSE', '2022-12-25', '9999-12-31'),
(1174, 131, 4, '7236', 'FALSE', '2022-12-25', '9999-12-31'),
(1175, 131, 5, '30133 36087 11433 57665 56578 84630 97006', 'FALSE', '2022-12-25', '9999-12-31'),
(1176, 131, 6, '65157 24258', 'FALSE', '2022-12-25', '9999-12-31'),
(1177, 131, 7, '64504', 'FALSE', '2022-12-25', '9999-12-31'),
(1178, 131, 8, '27502', 'FALSE', '2022-12-25', '9999-12-31'),
(1179, 131, 9, '483354', 'FALSE', '2022-12-25', '9999-12-31'),
(1180, 132, 1, '28', 'FALSE', '2022-12-25', '9999-12-31'),
(1181, 132, 2, '119', 'FALSE', '2022-12-25', '9999-12-31'),
(1182, 132, 3, '1387 6890 2803', 'FALSE', '2022-12-25', '9999-12-31'),
(1183, 132, 4, '1421', 'FALSE', '2022-12-25', '9999-12-31'),
(1184, 132, 5, '98405 43198 50263 60619 86881 06500 47133', 'FALSE', '2022-12-25', '9999-12-31'),
(1185, 132, 6, '75464 38705', 'FALSE', '2022-12-25', '9999-12-31'),
(1186, 132, 7, '74562', 'FALSE', '2022-12-25', '9999-12-31'),
(1187, 132, 8, '83782', 'FALSE', '2022-12-25', '9999-12-31'),
(1188, 132, 9, '389352', 'FALSE', '2022-12-25', '9999-12-31'),
(1189, 133, 1, '93', 'FALSE', '2022-12-25', '9999-12-31'),
(1190, 133, 2, '579', 'FALSE', '2022-12-25', '9999-12-31'),
(1191, 133, 3, '0352 8028 0656', 'FALSE', '2022-12-25', '9999-12-31'),
(1192, 133, 4, '5374', 'FALSE', '2022-12-25', '9999-12-31'),
(1193, 133, 5, '27445 91222 90065 07030 34266 19364 50884', 'FALSE', '2022-12-25', '9999-12-31'),
(1194, 133, 6, '36125 17324', 'FALSE', '2022-12-25', '9999-12-31'),
(1195, 133, 7, '70323', 'FALSE', '2022-12-25', '9999-12-31'),
(1196, 133, 8, '81932', 'FALSE', '2022-12-25', '9999-12-31'),
(1197, 133, 9, '687609', 'FALSE', '2022-12-25', '9999-12-31'),
(1198, 134, 1, '55', 'FALSE', '2022-12-25', '9999-12-31'),
(1199, 134, 2, '949', 'FALSE', '2022-12-25', '9999-12-31'),
(1200, 134, 3, '3937 4761 6579', 'FALSE', '2022-12-25', '9999-12-31'),
(1201, 134, 4, '0406', 'FALSE', '2022-12-25', '9999-12-31'),
(1202, 134, 5, '69442 11626 43329 70081 98117 06346 70224', 'FALSE', '2022-12-25', '9999-12-31'),
(1203, 134, 6, '15314 93421', 'FALSE', '2022-12-25', '9999-12-31'),
(1204, 134, 7, '74219', 'FALSE', '2022-12-25', '9999-12-31'),
(1205, 134, 8, '36426', 'FALSE', '2022-12-25', '9999-12-31'),
(1206, 134, 9, '465257', 'FALSE', '2022-12-25', '9999-12-31'),
(1207, 135, 1, '79', 'FALSE', '2022-12-25', '9999-12-31'),
(1208, 135, 2, '250', 'FALSE', '2022-12-25', '9999-12-31'),
(1209, 135, 3, '1218 7351 6807', 'FALSE', '2022-12-25', '9999-12-31'),
(1210, 135, 4, '3380', 'FALSE', '2022-12-25', '9999-12-31'),
(1211, 135, 5, '08613 22089 42283 00131 91778 72197 54312', 'FALSE', '2022-12-25', '9999-12-31'),
(1212, 135, 6, '00693 29677', 'FALSE', '2022-12-25', '9999-12-31'),
(1213, 135, 7, '87980', 'FALSE', '2022-12-25', '9999-12-31'),
(1214, 135, 8, '61612', 'FALSE', '2022-12-25', '9999-12-31'),
(1215, 135, 9, '170917', 'FALSE', '2022-12-25', '9999-12-31'),
(1216, 136, 1, '24', 'FALSE', '2022-12-25', '9999-12-31'),
(1217, 136, 2, '181', 'FALSE', '2022-12-25', '9999-12-31'),
(1218, 136, 3, '1359 4219 3455', 'FALSE', '2022-12-25', '9999-12-31'),
(1219, 136, 4, '1006', 'FALSE', '2022-12-25', '9999-12-31'),
(1220, 136, 5, '92637 67860 77475 64724 27999 55359 99420', 'FALSE', '2022-12-25', '9999-12-31'),
(1221, 136, 6, '63289 23203', 'FALSE', '2022-12-25', '9999-12-31'),
(1222, 136, 7, '53815', 'FALSE', '2022-12-25', '9999-12-31'),
(1223, 136, 8, '81865', 'FALSE', '2022-12-25', '9999-12-31'),
(1224, 136, 9, '457607', 'FALSE', '2022-12-25', '9999-12-31'),
(1225, 137, 1, '50', 'FALSE', '2022-12-25', '9999-12-31'),
(1226, 137, 2, '778', 'FALSE', '2022-12-25', '9999-12-31'),
(1227, 137, 3, '7582 6380 3466', 'FALSE', '2022-12-25', '9999-12-31'),
(1228, 137, 4, '6553', 'FALSE', '2022-12-25', '9999-12-31'),
(1229, 137, 5, '00793 02001 89579 98078 81834 47658 03001', 'FALSE', '2022-12-25', '9999-12-31'),
(1230, 137, 6, '39844 60319', 'FALSE', '2022-12-25', '9999-12-31'),
(1231, 137, 7, '30503', 'FALSE', '2022-12-25', '9999-12-31'),
(1232, 137, 8, '57703', 'FALSE', '2022-12-25', '9999-12-31'),
(1233, 137, 9, '060911', 'FALSE', '2022-12-25', '9999-12-31'),
(1234, 138, 1, '94', 'FALSE', '2022-12-25', '9999-12-31'),
(1235, 138, 2, '088', 'FALSE', '2022-12-25', '9999-12-31'),
(1236, 138, 3, '0015 1530 7114', 'FALSE', '2022-12-25', '9999-12-31'),
(1237, 138, 4, '1108', 'FALSE', '2022-12-25', '9999-12-31'),
(1238, 138, 5, '39449 24873 67201 06464 30802 11849 11328', 'FALSE', '2022-12-25', '9999-12-31'),
(1239, 138, 6, '89071 30405', 'FALSE', '2022-12-25', '9999-12-31'),
(1240, 138, 7, '25612', 'FALSE', '2022-12-25', '9999-12-31'),
(1241, 138, 8, '51810', 'FALSE', '2022-12-25', '9999-12-31'),
(1242, 138, 9, '844412', 'FALSE', '2022-12-25', '9999-12-31'),
(1243, 139, 1, '40', 'FALSE', '2022-12-25', '9999-12-31'),
(1244, 139, 2, '760', 'FALSE', '2022-12-25', '9999-12-31'),
(1245, 139, 3, '9376 9060 0669', 'FALSE', '2022-12-25', '9999-12-31'),
(1246, 139, 4, '8224', 'FALSE', '2022-12-25', '9999-12-31'),
(1247, 139, 5, '39438 27826 10782 26308 97128 67362 60208', 'FALSE', '2022-12-25', '9999-12-31'),
(1248, 139, 6, '38345 85975', 'FALSE', '2022-12-25', '9999-12-31'),
(1249, 139, 7, '82287', 'FALSE', '2022-12-25', '9999-12-31'),
(1250, 139, 8, '31521', 'FALSE', '2022-12-25', '9999-12-31'),
(1251, 139, 9, '913567', 'FALSE', '2022-12-25', '9999-12-31'),
(1252, 140, 1, '88', 'FALSE', '2022-12-25', '9999-12-31'),
(1253, 140, 2, '396', 'FALSE', '2022-12-25', '9999-12-31'),
(1254, 140, 3, '0054 9078 9607', 'FALSE', '2022-12-25', '9999-12-31'),
(1255, 140, 4, '8104', 'FALSE', '2022-12-25', '9999-12-31'),
(1256, 140, 5, '58142 49648 82959 59552 20397 27393 29307', 'FALSE', '2022-12-25', '9999-12-31'),
(1257, 140, 6, '48895 47793', 'FALSE', '2022-12-25', '9999-12-31'),
(1258, 140, 7, '91491', 'FALSE', '2022-12-25', '9999-12-31'),
(1259, 140, 8, '03395', 'FALSE', '2022-12-25', '9999-12-31'),
(1260, 140, 9, '466591', 'FALSE', '2022-12-25', '9999-12-31'),
(1261, 141, 1, '95', 'FALSE', '2022-12-25', '9999-12-31'),
(1262, 141, 2, '036', 'FALSE', '2022-12-25', '9999-12-31'),
(1263, 141, 3, '8524 8183 0702', 'FALSE', '2022-12-25', '9999-12-31'),
(1264, 141, 4, '7939', 'FALSE', '2022-12-25', '9999-12-31'),
(1265, 141, 5, '11920 33137 23724 80712 67506 53162 44280', 'FALSE', '2022-12-25', '9999-12-31'),
(1266, 141, 6, '58600 00734', 'FALSE', '2022-12-25', '9999-12-31'),
(1267, 141, 7, '38955', 'FALSE', '2022-12-25', '9999-12-31'),
(1268, 141, 8, '49723', 'FALSE', '2022-12-25', '9999-12-31'),
(1269, 141, 9, '004645', 'FALSE', '2022-12-25', '9999-12-31'),
(1270, 142, 1, '35', 'FALSE', '2022-12-25', '9999-12-31'),
(1271, 142, 2, '174', 'FALSE', '2022-12-25', '9999-12-31'),
(1272, 142, 3, '6818 0146 3599', 'FALSE', '2022-12-25', '9999-12-31'),
(1273, 142, 4, '7645', 'FALSE', '2022-12-25', '9999-12-31'),
(1274, 142, 5, '33363 13104 96268 50222 48419 86081 51105', 'FALSE', '2022-12-25', '9999-12-31'),
(1275, 142, 6, '52352 55771', 'FALSE', '2022-12-25', '9999-12-31'),
(1276, 142, 7, '67901', 'FALSE', '2022-12-25', '9999-12-31'),
(1277, 142, 8, '88017', 'FALSE', '2022-12-25', '9999-12-31'),
(1278, 142, 9, '930459', 'FALSE', '2022-12-25', '9999-12-31'),
(1279, 143, 1, '05', 'FALSE', '2022-12-25', '9999-12-31'),
(1280, 143, 2, '776', 'FALSE', '2022-12-25', '9999-12-31'),
(1281, 143, 3, '3350 3528 8217', 'FALSE', '2022-12-25', '9999-12-31'),
(1282, 143, 4, '5023', 'FALSE', '2022-12-25', '9999-12-31'),
(1283, 143, 5, '27787 62033 62458 66925 25549 67771 18412', 'FALSE', '2022-12-25', '9999-12-31'),
(1284, 143, 6, '18627 43693', 'FALSE', '2022-12-25', '9999-12-31'),
(1285, 143, 7, '92989', 'FALSE', '2022-12-25', '9999-12-31'),
(1286, 143, 8, '69250', 'FALSE', '2022-12-25', '9999-12-31'),
(1287, 143, 9, '225208', 'FALSE', '2022-12-25', '9999-12-31'),
(1288, 144, 1, '76', 'FALSE', '2022-12-25', '9999-12-31'),
(1289, 144, 2, '232', 'FALSE', '2022-12-25', '9999-12-31'),
(1290, 144, 3, '3260 9364 9502', 'FALSE', '2022-12-25', '9999-12-31'),
(1291, 144, 4, '4840', 'FALSE', '2022-12-25', '9999-12-31'),
(1292, 144, 5, '62735 22178 75929 61740 59902 34296 06606', 'FALSE', '2022-12-25', '9999-12-31'),
(1293, 144, 6, '93285 60602', 'FALSE', '2022-12-25', '9999-12-31'),
(1294, 144, 7, '45733', 'FALSE', '2022-12-25', '9999-12-31'),
(1295, 144, 8, '84681', 'FALSE', '2022-12-25', '9999-12-31'),
(1296, 144, 9, '012355', 'FALSE', '2022-12-25', '9999-12-31'),
(1297, 145, 1, '84', 'FALSE', '2022-12-25', '9999-12-31'),
(1298, 145, 2, '495', 'FALSE', '2022-12-25', '9999-12-31'),
(1299, 145, 3, '2987 8849 7533', 'FALSE', '2022-12-25', '9999-12-31'),
(1300, 145, 4, '3520', 'FALSE', '2022-12-25', '9999-12-31'),
(1301, 145, 5, '56506 77425 17030 70358 22420 82744 16754', 'FALSE', '2022-12-25', '9999-12-31'),
(1302, 145, 6, '07959 47384', 'FALSE', '2022-12-25', '9999-12-31'),
(1303, 145, 7, '74888', 'FALSE', '2022-12-25', '9999-12-31'),
(1304, 145, 8, '38128', 'FALSE', '2022-12-25', '9999-12-31'),
(1305, 145, 9, '237945', 'FALSE', '2022-12-25', '9999-12-31'),
(1306, 146, 1, '38', 'FALSE', '2022-12-25', '9999-12-31'),
(1307, 146, 2, '776', 'FALSE', '2022-12-25', '9999-12-31'),
(1308, 146, 3, '4935 4137 4453', 'FALSE', '2022-12-25', '9999-12-31'),
(1309, 146, 4, '2514', 'FALSE', '2022-12-25', '9999-12-31'),
(1310, 146, 5, '62702 06757 75996 25025 34464 14407 01990', 'FALSE', '2022-12-25', '9999-12-31'),
(1311, 146, 6, '19110 34355', 'FALSE', '2022-12-25', '9999-12-31'),
(1312, 146, 7, '06482', 'FALSE', '2022-12-25', '9999-12-31'),
(1313, 146, 8, '55652', 'FALSE', '2022-12-25', '9999-12-31'),
(1314, 146, 9, '573288', 'FALSE', '2022-12-25', '9999-12-31'),
(1315, 147, 1, '66', 'FALSE', '2022-12-25', '9999-12-31'),
(1316, 147, 2, '886', 'FALSE', '2022-12-25', '9999-12-31'),
(1317, 147, 3, '3989 8511 5137', 'FALSE', '2022-12-25', '9999-12-31'),
(1318, 147, 4, '9206', 'FALSE', '2022-12-25', '9999-12-31'),
(1319, 147, 5, '35323 40376 49206 60699 30226 49351 29457', 'FALSE', '2022-12-25', '9999-12-31'),
(1320, 147, 6, '45976 94943', 'FALSE', '2022-12-25', '9999-12-31'),
(1321, 147, 7, '93105', 'FALSE', '2022-12-25', '9999-12-31'),
(1322, 147, 8, '11140', 'FALSE', '2022-12-25', '9999-12-31'),
(1323, 147, 9, '727526', 'FALSE', '2022-12-25', '9999-12-31'),
(1324, 148, 1, '08', 'FALSE', '2022-12-25', '9999-12-31'),
(1325, 148, 2, '140', 'FALSE', '2022-12-25', '9999-12-31'),
(1326, 148, 3, '0468 4244 1182', 'FALSE', '2022-12-25', '9999-12-31'),
(1327, 148, 4, '5984', 'FALSE', '2022-12-25', '9999-12-31'),
(1328, 148, 5, '49053 26983 38810 92058 55517 46291 29597', 'FALSE', '2022-12-25', '9999-12-31'),
(1329, 148, 6, '88274 43789', 'FALSE', '2022-12-25', '9999-12-31'),
(1330, 148, 7, '10403', 'FALSE', '2022-12-25', '9999-12-31'),
(1331, 148, 8, '88976', 'FALSE', '2022-12-25', '9999-12-31'),
(1332, 148, 9, '354025', 'FALSE', '2022-12-25', '9999-12-31'),
(1333, 149, 1, '71', 'FALSE', '2022-12-25', '9999-12-31'),
(1334, 149, 2, '550', 'FALSE', '2022-12-25', '9999-12-31'),
(1335, 149, 3, '3047 7463 7305', 'FALSE', '2022-12-25', '9999-12-31'),
(1336, 149, 4, '2597', 'FALSE', '2022-12-25', '9999-12-31'),
(1337, 149, 5, '93633 87730 39655 88143 51900 68975 53894', 'FALSE', '2022-12-25', '9999-12-31'),
(1338, 149, 6, '35761 37842', 'FALSE', '2022-12-25', '9999-12-31'),
(1339, 149, 7, '69068', 'FALSE', '2022-12-25', '9999-12-31'),
(1340, 149, 8, '58937', 'FALSE', '2022-12-25', '9999-12-31'),
(1341, 149, 9, '035032', 'FALSE', '2022-12-25', '9999-12-31'),
(1342, 150, 1, '56', 'FALSE', '2022-12-25', '9999-12-31'),
(1343, 150, 2, '657', 'FALSE', '2022-12-25', '9999-12-31'),
(1344, 150, 3, '7844 7023 4690', 'FALSE', '2022-12-25', '9999-12-31'),
(1345, 150, 4, '1907', 'FALSE', '2022-12-25', '9999-12-31'),
(1346, 150, 5, '53297 88946 81819 82970 26579 12071 90661', 'FALSE', '2022-12-25', '9999-12-31'),
(1347, 150, 6, '86658 76859', 'FALSE', '2022-12-25', '9999-12-31'),
(1348, 150, 7, '52277', 'FALSE', '2022-12-25', '9999-12-31'),
(1349, 150, 8, '79251', 'FALSE', '2022-12-25', '9999-12-31'),
(1350, 150, 9, '134770', 'FALSE', '2022-12-25', '9999-12-31'),
(1351, 151, 1, '42', 'FALSE', '2022-12-25', '9999-12-31'),
(1352, 151, 2, '984', 'FALSE', '2022-12-25', '9999-12-31'),
(1353, 151, 3, '2737 6876 5782', 'FALSE', '2022-12-25', '9999-12-31'),
(1354, 151, 4, '3066', 'FALSE', '2022-12-25', '9999-12-31'),
(1355, 151, 5, '03190 30276 47285 29911 86532 86908 81871', 'FALSE', '2022-12-25', '9999-12-31'),
(1356, 151, 6, '23644 64489', 'FALSE', '2022-12-25', '9999-12-31'),
(1357, 151, 7, '69244', 'FALSE', '2022-12-25', '9999-12-31'),
(1358, 151, 8, '27728', 'FALSE', '2022-12-25', '9999-12-31'),
(1359, 151, 9, '129033', 'FALSE', '2022-12-25', '9999-12-31'),
(1360, 152, 1, '44', 'FALSE', '2022-12-25', '9999-12-31'),
(1361, 152, 2, '857', 'FALSE', '2022-12-25', '9999-12-31'),
(1362, 152, 3, '5305 9228 9780', 'FALSE', '2022-12-25', '9999-12-31'),
(1363, 152, 4, '8490', 'FALSE', '2022-12-25', '9999-12-31'),
(1364, 152, 5, '28011 01911 72099 46765 94656 50959 83556', 'FALSE', '2022-12-25', '9999-12-31'),
(1365, 152, 6, '27887 74775', 'FALSE', '2022-12-25', '9999-12-31'),
(1366, 152, 7, '89607', 'FALSE', '2022-12-25', '9999-12-31'),
(1367, 152, 8, '10922', 'FALSE', '2022-12-25', '9999-12-31'),
(1368, 152, 9, '790235', 'FALSE', '2022-12-25', '9999-12-31'),
(1369, 153, 1, '01', 'FALSE', '2022-12-25', '9999-12-31'),
(1370, 153, 2, '428', 'FALSE', '2022-12-25', '9999-12-31'),
(1371, 153, 3, '1535 1364 9771', 'FALSE', '2022-12-25', '9999-12-31'),
(1372, 153, 4, '6892', 'FALSE', '2022-12-25', '9999-12-31'),
(1373, 153, 5, '02435 45046 87200 24100 14533 34873 70735', 'FALSE', '2022-12-25', '9999-12-31'),
(1374, 153, 6, '11567 02641', 'FALSE', '2022-12-25', '9999-12-31'),
(1375, 153, 7, '14374', 'FALSE', '2022-12-25', '9999-12-31'),
(1376, 153, 8, '80497', 'FALSE', '2022-12-25', '9999-12-31'),
(1377, 153, 9, '583491', 'FALSE', '2022-12-25', '9999-12-31'),
(1378, 154, 1, '06', 'FALSE', '2022-12-25', '9999-12-31'),
(1379, 154, 2, '083', 'FALSE', '2022-12-25', '9999-12-31'),
(1380, 154, 3, '5623 5013 2029', 'FALSE', '2022-12-25', '9999-12-31'),
(1381, 154, 4, '7615', 'FALSE', '2022-12-25', '9999-12-31'),
(1382, 154, 5, '78028 26729 98130 08388 60132 46579 25097', 'FALSE', '2022-12-25', '9999-12-31'),
(1383, 154, 6, '06077 36191', 'FALSE', '2022-12-25', '9999-12-31'),
(1384, 154, 7, '40878', 'FALSE', '2022-12-25', '9999-12-31'),
(1385, 154, 8, '23728', 'FALSE', '2022-12-25', '9999-12-31'),
(1386, 154, 9, '365567', 'FALSE', '2022-12-25', '9999-12-31'),
(1387, 155, 1, '03', 'FALSE', '2022-12-25', '9999-12-31'),
(1388, 155, 2, '889', 'FALSE', '2022-12-25', '9999-12-31'),
(1389, 155, 3, '2951 5799 3120', 'FALSE', '2022-12-25', '9999-12-31'),
(1390, 155, 4, '4381', 'FALSE', '2022-12-25', '9999-12-31'),
(1391, 155, 5, '84100 60467 80768 42951 88853 80610 70352', 'FALSE', '2022-12-25', '9999-12-31'),
(1392, 155, 6, '57628 10952', 'FALSE', '2022-12-25', '9999-12-31'),
(1393, 155, 7, '46107', 'FALSE', '2022-12-25', '9999-12-31'),
(1394, 155, 8, '48394', 'FALSE', '2022-12-25', '9999-12-31'),
(1395, 155, 9, '286806', 'FALSE', '2022-12-25', '9999-12-31'),
(1396, 156, 1, '19', 'FALSE', '2022-12-25', '9999-12-31'),
(1397, 156, 2, '219', 'FALSE', '2022-12-25', '9999-12-31'),
(1398, 156, 3, '7994 5938 7234', 'FALSE', '2022-12-25', '9999-12-31'),
(1399, 156, 4, '2255', 'FALSE', '2022-12-25', '9999-12-31'),
(1400, 156, 5, '25925 19384 11575 47654 77602 95026 92597', 'FALSE', '2022-12-25', '9999-12-31'),
(1401, 156, 6, '68651 70365', 'FALSE', '2022-12-25', '9999-12-31'),
(1402, 156, 7, '37583', 'FALSE', '2022-12-25', '9999-12-31'),
(1403, 156, 8, '61946', 'FALSE', '2022-12-25', '9999-12-31'),
(1404, 156, 9, '046233', 'FALSE', '2022-12-25', '9999-12-31'),
(1405, 157, 1, '43', 'FALSE', '2022-12-25', '9999-12-31'),
(1406, 157, 2, '139', 'FALSE', '2022-12-25', '9999-12-31'),
(1407, 157, 3, '6865 1135 0352', 'FALSE', '2022-12-25', '9999-12-31'),
(1408, 157, 4, '9247', 'FALSE', '2022-12-25', '9999-12-31'),
(1409, 157, 5, '90880 57750 64004 15128 72920 48558 07064', 'FALSE', '2022-12-25', '9999-12-31'),
(1410, 157, 6, '69541 51907', 'FALSE', '2022-12-25', '9999-12-31'),
(1411, 157, 7, '26251', 'FALSE', '2022-12-25', '9999-12-31'),
(1412, 157, 8, '36232', 'FALSE', '2022-12-25', '9999-12-31'),
(1413, 157, 9, '395698', 'FALSE', '2022-12-25', '9999-12-31'),
(1414, 158, 1, '51', 'FALSE', '2022-12-25', '9999-12-31'),
(1415, 158, 2, '816', 'FALSE', '2022-12-25', '9999-12-31'),
(1416, 158, 3, '1498 0181 5487', 'FALSE', '2022-12-25', '9999-12-31'),
(1417, 158, 4, '0354', 'FALSE', '2022-12-25', '9999-12-31'),
(1418, 158, 5, '55864 18399 34328 30012 91745 93432 16539', 'FALSE', '2022-12-25', '9999-12-31'),
(1419, 158, 6, '03891 45070', 'FALSE', '2022-12-25', '9999-12-31'),
(1420, 158, 7, '83675', 'FALSE', '2022-12-25', '9999-12-31'),
(1421, 158, 8, '86631', 'FALSE', '2022-12-25', '9999-12-31'),
(1422, 158, 9, '244392', 'FALSE', '2022-12-25', '9999-12-31'),
(1423, 159, 1, '64', 'FALSE', '2022-12-25', '9999-12-31'),
(1424, 159, 2, '099', 'FALSE', '2022-12-25', '9999-12-31'),
(1425, 159, 3, '9894 6614 2382', 'FALSE', '2022-12-25', '9999-12-31'),
(1426, 159, 4, '2779', 'FALSE', '2022-12-25', '9999-12-31'),
(1427, 159, 5, '83718 33166 23975 34395 07675 66466 07815', 'FALSE', '2022-12-25', '9999-12-31'),
(1428, 159, 6, '70173 68901', 'FALSE', '2022-12-25', '9999-12-31'),
(1429, 159, 7, '46402', 'FALSE', '2022-12-25', '9999-12-31'),
(1430, 159, 8, '80214', 'FALSE', '2022-12-25', '9999-12-31'),
(1431, 159, 9, '132764', 'FALSE', '2022-12-25', '9999-12-31'),
(1432, 160, 1, '67', 'FALSE', '2022-12-25', '9999-12-31'),
(1433, 160, 2, '866', 'FALSE', '2022-12-25', '9999-12-31'),
(1434, 160, 3, '4571 6426 6705', 'FALSE', '2022-12-25', '9999-12-31'),
(1435, 160, 4, '7982', 'FALSE', '2022-12-25', '9999-12-31'),
(1436, 160, 5, '92509 34489 91645 04083 36567 12106 57238', 'FALSE', '2022-12-25', '9999-12-31'),
(1437, 160, 6, '36977 28973', 'FALSE', '2022-12-25', '9999-12-31'),
(1438, 160, 7, '56054', 'FALSE', '2022-12-25', '9999-12-31'),
(1439, 160, 8, '42499', 'FALSE', '2022-12-25', '9999-12-31'),
(1440, 160, 9, '515051', 'FALSE', '2022-12-25', '9999-12-31'),
(1441, 161, 1, '41', 'FALSE', '2022-12-25', '9999-12-31'),
(1442, 161, 2, '393', 'FALSE', '2022-12-25', '9999-12-31'),
(1443, 161, 3, '3999 7833 3507', 'FALSE', '2022-12-25', '9999-12-31'),
(1444, 161, 4, '4755', 'FALSE', '2022-12-25', '9999-12-31'),
(1445, 161, 5, '79029 64450 26476 69380 22545 31289 50605', 'FALSE', '2022-12-25', '9999-12-31'),
(1446, 161, 6, '61749 63393', 'FALSE', '2022-12-25', '9999-12-31'),
(1447, 161, 7, '94224', 'FALSE', '2022-12-25', '9999-12-31'),
(1448, 161, 8, '14090', 'FALSE', '2022-12-25', '9999-12-31'),
(1449, 161, 9, '402338', 'FALSE', '2022-12-25', '9999-12-31'),
(1450, 162, 1, '03', 'FALSE', '2022-12-25', '9999-12-31'),
(1451, 162, 2, '536', 'FALSE', '2022-12-25', '9999-12-31'),
(1452, 162, 3, '1317 9583 5066', 'FALSE', '2022-12-25', '9999-12-31'),
(1453, 162, 4, '8815', 'FALSE', '2022-12-25', '9999-12-31'),
(1454, 162, 5, '77916 20920 36737 25586 31613 22135 12278', 'FALSE', '2022-12-25', '9999-12-31'),
(1455, 162, 6, '80315 64343', 'FALSE', '2022-12-25', '9999-12-31'),
(1456, 162, 7, '25112', 'FALSE', '2022-12-25', '9999-12-31'),
(1457, 162, 8, '94762', 'FALSE', '2022-12-25', '9999-12-31'),
(1458, 162, 9, '976654', 'FALSE', '2022-12-25', '9999-12-31'),
(1459, 163, 1, '54', 'FALSE', '2022-12-25', '9999-12-31'),
(1460, 163, 2, '253', 'FALSE', '2022-12-25', '9999-12-31'),
(1461, 163, 3, '3585 8811 4552', 'FALSE', '2022-12-25', '9999-12-31'),
(1462, 163, 4, '1340', 'FALSE', '2022-12-25', '9999-12-31'),
(1463, 163, 5, '53111 64961 31991 11849 62868 65083 88594', 'FALSE', '2022-12-25', '9999-12-31'),
(1464, 163, 6, '28967 40926', 'FALSE', '2022-12-25', '9999-12-31'),
(1465, 163, 7, '88519', 'FALSE', '2022-12-25', '9999-12-31'),
(1466, 163, 8, '74474', 'FALSE', '2022-12-25', '9999-12-31'),
(1467, 163, 9, '167474', 'FALSE', '2022-12-25', '9999-12-31'),
(1468, 164, 1, '67', 'FALSE', '2022-12-25', '9999-12-31'),
(1469, 164, 2, '412', 'FALSE', '2022-12-25', '9999-12-31'),
(1470, 164, 3, '5298 6129 8765', 'FALSE', '2022-12-25', '9999-12-31'),
(1471, 164, 4, '5354', 'FALSE', '2022-12-25', '9999-12-31'),
(1472, 164, 5, '27592 97186 08587 51720 88808 08129 28078', 'FALSE', '2022-12-25', '9999-12-31'),
(1473, 164, 6, '52513 36608', 'FALSE', '2022-12-25', '9999-12-31'),
(1474, 164, 7, '98275', 'FALSE', '2022-12-25', '9999-12-31'),
(1475, 164, 8, '70145', 'FALSE', '2022-12-25', '9999-12-31'),
(1476, 164, 9, '860428', 'FALSE', '2022-12-25', '9999-12-31'),
(1477, 165, 1, '52', 'FALSE', '2022-12-25', '9999-12-31'),
(1478, 165, 2, '770', 'FALSE', '2022-12-25', '9999-12-31'),
(1479, 165, 3, '6158 9130 3312', 'FALSE', '2022-12-25', '9999-12-31'),
(1480, 165, 4, '5629', 'FALSE', '2022-12-25', '9999-12-31'),
(1481, 165, 5, '06980 02342 35383 38256 81674 08224 26836', 'FALSE', '2022-12-25', '9999-12-31'),
(1482, 165, 6, '52163 53996', 'FALSE', '2022-12-25', '9999-12-31'),
(1483, 165, 7, '31230', 'FALSE', '2022-12-25', '9999-12-31'),
(1484, 165, 8, '17489', 'FALSE', '2022-12-25', '9999-12-31'),
(1485, 165, 9, '730692', 'FALSE', '2022-12-25', '9999-12-31'),
(1486, 166, 1, '85', 'FALSE', '2022-12-25', '9999-12-31'),
(1487, 166, 2, '310', 'FALSE', '2022-12-25', '9999-12-31'),
(1488, 166, 3, '2983 4966 1245', 'FALSE', '2022-12-25', '9999-12-31'),
(1489, 166, 4, '4906', 'FALSE', '2022-12-25', '9999-12-31'),
(1490, 166, 5, '61819 76057 48322 45012 98150 50390 69324', 'FALSE', '2022-12-25', '9999-12-31'),
(1491, 166, 6, '15151 00298', 'FALSE', '2022-12-25', '9999-12-31'),
(1492, 166, 7, '91958', 'FALSE', '2022-12-25', '9999-12-31'),
(1493, 166, 8, '05331', 'FALSE', '2022-12-25', '9999-12-31'),
(1494, 166, 9, '137922', 'FALSE', '2022-12-25', '9999-12-31'),
(1495, 167, 1, '32', 'FALSE', '2022-12-25', '9999-12-31'),
(1496, 167, 2, '165', 'FALSE', '2022-12-25', '9999-12-31'),
(1497, 167, 3, '3605 7148 4964', 'FALSE', '2022-12-25', '9999-12-31'),
(1498, 167, 4, '1471', 'FALSE', '2022-12-25', '9999-12-31'),
(1499, 167, 5, '91590 52834 39791 60405 22181 47537 38303', 'FALSE', '2022-12-25', '9999-12-31'),
(1500, 167, 6, '05330 00113', 'FALSE', '2022-12-25', '9999-12-31'),
(1501, 167, 7, '24892', 'FALSE', '2022-12-25', '9999-12-31'),
(1502, 167, 8, '59913', 'FALSE', '2022-12-25', '9999-12-31'),
(1503, 167, 9, '982079', 'FALSE', '2022-12-25', '9999-12-31'),
(1504, 168, 1, '13', 'FALSE', '2022-12-25', '9999-12-31'),
(1505, 168, 2, '944', 'FALSE', '2022-12-25', '9999-12-31'),
(1506, 168, 3, '0008 2508 2960', 'FALSE', '2022-12-25', '9999-12-31'),
(1507, 168, 4, '1281', 'FALSE', '2022-12-25', '9999-12-31'),
(1508, 168, 5, '96286 39499 78873 47306 13074 84324 32540', 'FALSE', '2022-12-25', '9999-12-31'),
(1509, 168, 6, '20694 84464', 'FALSE', '2022-12-25', '9999-12-31'),
(1510, 168, 7, '56306', 'FALSE', '2022-12-25', '9999-12-31'),
(1511, 168, 8, '65292', 'FALSE', '2022-12-25', '9999-12-31'),
(1512, 168, 9, '378270', 'FALSE', '2022-12-25', '9999-12-31'),
(1513, 169, 1, '59', 'FALSE', '2022-12-25', '9999-12-31'),
(1514, 169, 2, '563', 'FALSE', '2022-12-25', '9999-12-31'),
(1515, 169, 3, '6365 4863 8989', 'FALSE', '2022-12-25', '9999-12-31'),
(1516, 169, 4, '3591', 'FALSE', '2022-12-25', '9999-12-31'),
(1517, 169, 5, '98866 11604 49524 20163 11755 86574 96772', 'FALSE', '2022-12-25', '9999-12-31'),
(1518, 169, 6, '09236 04395', 'FALSE', '2022-12-25', '9999-12-31'),
(1519, 169, 7, '25738', 'FALSE', '2022-12-25', '9999-12-31'),
(1520, 169, 8, '57530', 'FALSE', '2022-12-25', '9999-12-31'),
(1521, 169, 9, '610166', 'FALSE', '2022-12-25', '9999-12-31'),
(1522, 170, 1, '29', 'FALSE', '2022-12-25', '9999-12-31'),
(1523, 170, 2, '278', 'FALSE', '2022-12-25', '9999-12-31'),
(1524, 170, 3, '6602 3696 8043', 'FALSE', '2022-12-25', '9999-12-31'),
(1525, 170, 4, '4899', 'FALSE', '2022-12-25', '9999-12-31'),
(1526, 170, 5, '12525 74858 94156 24667 43625 28907 63207', 'FALSE', '2022-12-25', '9999-12-31'),
(1527, 170, 6, '20573 26070', 'FALSE', '2022-12-25', '9999-12-31'),
(1528, 170, 7, '35666', 'FALSE', '2022-12-25', '9999-12-31'),
(1529, 170, 8, '01489', 'FALSE', '2022-12-25', '9999-12-31'),
(1530, 170, 9, '787744', 'FALSE', '2022-12-25', '9999-12-31'),
(1531, 171, 1, '00', 'FALSE', '2022-12-25', '9999-12-31'),
(1532, 171, 2, '725', 'FALSE', '2022-12-25', '9999-12-31'),
(1533, 171, 3, '6448 3235 1866', 'FALSE', '2022-12-25', '9999-12-31'),
(1534, 171, 4, '8415', 'FALSE', '2022-12-25', '9999-12-31'),
(1535, 171, 5, '80706 47574 52326 50589 44032 17328 35458', 'FALSE', '2022-12-25', '9999-12-31'),
(1536, 171, 6, '80172 14721', 'FALSE', '2022-12-25', '9999-12-31'),
(1537, 171, 7, '44364', 'FALSE', '2022-12-25', '9999-12-31'),
(1538, 171, 8, '42088', 'FALSE', '2022-12-25', '9999-12-31'),
(1539, 171, 9, '263503', 'FALSE', '2022-12-25', '9999-12-31'),
(1540, 172, 1, '25', 'FALSE', '2022-12-25', '9999-12-31'),
(1541, 172, 2, '674', 'FALSE', '2022-12-25', '9999-12-31'),
(1542, 172, 3, '9488 9551 0754', 'FALSE', '2022-12-25', '9999-12-31'),
(1543, 172, 4, '9479', 'FALSE', '2022-12-25', '9999-12-31'),
(1544, 172, 5, '44154 16230 79035 69626 95137 80189 87317', 'FALSE', '2022-12-25', '9999-12-31'),
(1545, 172, 6, '92586 59327', 'FALSE', '2022-12-25', '9999-12-31'),
(1546, 172, 7, '55393', 'FALSE', '2022-12-25', '9999-12-31'),
(1547, 172, 8, '28866', 'FALSE', '2022-12-25', '9999-12-31'),
(1548, 172, 9, '845155', 'FALSE', '2022-12-25', '9999-12-31'),
(1549, 173, 1, '44', 'FALSE', '2022-12-25', '9999-12-31'),
(1550, 173, 2, '948', 'FALSE', '2022-12-25', '9999-12-31'),
(1551, 173, 3, '3806 7361 2726', 'FALSE', '2022-12-25', '9999-12-31'),
(1552, 173, 4, '2287', 'FALSE', '2022-12-25', '9999-12-31'),
(1553, 173, 5, '50659 70845 73490 58863 87787 95345 00057', 'FALSE', '2022-12-25', '9999-12-31'),
(1554, 173, 6, '83337 71109', 'FALSE', '2022-12-25', '9999-12-31'),
(1555, 173, 7, '87240', 'FALSE', '2022-12-25', '9999-12-31'),
(1556, 173, 8, '04338', 'FALSE', '2022-12-25', '9999-12-31'),
(1557, 173, 9, '837069', 'FALSE', '2022-12-25', '9999-12-31');

-- --------------------------------------------------------

--
-- Cấu trúc bảng cho bảng `source_dim`
--

CREATE TABLE `source_dim` (
  `id_sour` int(11) NOT NULL,
  `code_sour` varchar(50) COLLATE utf8mb4_unicode_ci DEFAULT NULL,
  `name` varchar(50) COLLATE utf8mb4_unicode_ci DEFAULT NULL,
  `url` varchar(255) COLLATE utf8mb4_unicode_ci DEFAULT NULL
) ENGINE=InnoDB DEFAULT CHARSET=utf8mb4 COLLATE=utf8mb4_unicode_ci;

--
-- Đang đổ dữ liệu cho bảng `source_dim`
--

INSERT INTO `source_dim` (`id_sour`, `code_sour`, `name`, `url`) VALUES
(1, 'xosodaiphat', 'Xổ số Đại Phát', 'https://xosodaiphat.com/xsmn-xo-so-mien-nam.html');

--
-- Chỉ mục cho các bảng đã đổ
--

--
-- Chỉ mục cho bảng `date_dim`
--
ALTER TABLE `date_dim`
  ADD PRIMARY KEY (`id_date`);

--
-- Chỉ mục cho bảng `lottery`
--
ALTER TABLE `lottery`
  ADD PRIMARY KEY (`id_lot`),
  ADD KEY `id_date` (`id_date`),
  ADD KEY `id_sour` (`id_sour`),
  ADD KEY `id_pro` (`id_pro`);

--
-- Chỉ mục cho bảng `prize_dim`
--
ALTER TABLE `prize_dim`
  ADD PRIMARY KEY (`id_pri`);

--
-- Chỉ mục cho bảng `province_dim`
--
ALTER TABLE `province_dim`
  ADD PRIMARY KEY (`id_pro`);

--
-- Chỉ mục cho bảng `result`
--
ALTER TABLE `result`
  ADD PRIMARY KEY (`id_re`),
  ADD KEY `id_lot` (`id_lot`),
  ADD KEY `id_pri` (`id_pri`);

--
-- Chỉ mục cho bảng `source_dim`
--
ALTER TABLE `source_dim`
  ADD PRIMARY KEY (`id_sour`);

--
-- AUTO_INCREMENT cho các bảng đã đổ
--

--
-- AUTO_INCREMENT cho bảng `date_dim`
--
ALTER TABLE `date_dim`
  MODIFY `id_date` int(11) NOT NULL AUTO_INCREMENT, AUTO_INCREMENT=56;

--
-- AUTO_INCREMENT cho bảng `lottery`
--
ALTER TABLE `lottery`
  MODIFY `id_lot` int(11) NOT NULL AUTO_INCREMENT, AUTO_INCREMENT=174;

--
-- AUTO_INCREMENT cho bảng `prize_dim`
--
ALTER TABLE `prize_dim`
  MODIFY `id_pri` int(11) NOT NULL AUTO_INCREMENT, AUTO_INCREMENT=10;

--
-- AUTO_INCREMENT cho bảng `province_dim`
--
ALTER TABLE `province_dim`
  MODIFY `id_pro` int(11) NOT NULL AUTO_INCREMENT, AUTO_INCREMENT=22;

--
-- AUTO_INCREMENT cho bảng `result`
--
ALTER TABLE `result`
  MODIFY `id_re` int(11) NOT NULL AUTO_INCREMENT, AUTO_INCREMENT=1558;

--
-- AUTO_INCREMENT cho bảng `source_dim`
--
ALTER TABLE `source_dim`
  MODIFY `id_sour` int(11) NOT NULL AUTO_INCREMENT, AUTO_INCREMENT=2;

--
-- Các ràng buộc cho các bảng đã đổ
--

--
-- Các ràng buộc cho bảng `lottery`
--
ALTER TABLE `lottery`
  ADD CONSTRAINT `lottery_ibfk_1` FOREIGN KEY (`id_date`) REFERENCES `date_dim` (`id_date`),
  ADD CONSTRAINT `lottery_ibfk_2` FOREIGN KEY (`id_sour`) REFERENCES `source_dim` (`id_sour`),
  ADD CONSTRAINT `lottery_ibfk_3` FOREIGN KEY (`id_pro`) REFERENCES `province_dim` (`id_pro`);

--
-- Các ràng buộc cho bảng `result`
--
ALTER TABLE `result`
  ADD CONSTRAINT `result_ibfk_1` FOREIGN KEY (`id_lot`) REFERENCES `lottery` (`id_lot`),
  ADD CONSTRAINT `result_ibfk_2` FOREIGN KEY (`id_pri`) REFERENCES `prize_dim` (`id_pri`);
COMMIT;

/*!40101 SET CHARACTER_SET_CLIENT=@OLD_CHARACTER_SET_CLIENT */;
/*!40101 SET CHARACTER_SET_RESULTS=@OLD_CHARACTER_SET_RESULTS */;
/*!40101 SET COLLATION_CONNECTION=@OLD_COLLATION_CONNECTION */;
