-- phpMyAdmin SQL Dump
-- version 5.2.0
-- https://www.phpmyadmin.net/
--
-- Máy chủ: 127.0.0.1
-- Thời gian đã tạo: Th10 29, 2022 lúc 12:12 PM
-- Phiên bản máy phục vụ: 10.4.24-MariaDB
-- Phiên bản PHP: 8.1.6

SET SQL_MODE = "NO_AUTO_VALUE_ON_ZERO";
START TRANSACTION;
SET time_zone = "+00:00";


/*!40101 SET @OLD_CHARACTER_SET_CLIENT=@@CHARACTER_SET_CLIENT */;
/*!40101 SET @OLD_CHARACTER_SET_RESULTS=@@CHARACTER_SET_RESULTS */;
/*!40101 SET @OLD_COLLATION_CONNECTION=@@COLLATION_CONNECTION */;
/*!40101 SET NAMES utf8mb4 */;

--
-- Cơ sở dữ liệu: `dw_lottery`
--

-- --------------------------------------------------------

--
-- Cấu trúc bảng cho bảng `date_dim`
--

CREATE TABLE `date_dim` (
  `id_date` int(11) NOT NULL,
  `full_date` varchar(50) COLLATE utf8mb4_unicode_ci DEFAULT NULL,
  `short_date` varchar(50) COLLATE utf8mb4_unicode_ci DEFAULT NULL,
  `day` varchar(20) COLLATE utf8mb4_unicode_ci DEFAULT NULL,
  `date` int(11) DEFAULT NULL,
  `month` int(11) DEFAULT NULL,
  `year` int(11) DEFAULT NULL
) ENGINE=InnoDB DEFAULT CHARSET=utf8mb4 COLLATE=utf8mb4_unicode_ci;

--
-- Đang đổ dữ liệu cho bảng `date_dim`
--

INSERT INTO `date_dim` (`id_date`, `full_date`, `short_date`, `day`, `date`, `month`, `year`) VALUES
(1, 'Thứ 3 01/11/2022', '01/11/2022', 'Thứ 3', 1, 11, 2022),
(2, 'Thứ 4 02/11/2022', '02/11/2022', 'Thứ 4', 2, 11, 2022),
(3, 'Thứ 5 03/11/2022', '03/11/2022', 'Thứ 5', 3, 11, 2022),
(4, 'Thứ 6 04/11/2022', '04/11/2022', 'Thứ 6', 4, 11, 2022),
(5, 'Thứ 7 05/11/2022', '05/11/2022', 'Thứ 7', 5, 11, 2022),
(6, 'Chủ Nhật 06/11/2022', '06/11/2022', 'Chủ Nhật', 6, 11, 2022),
(7, 'Thứ 2 07/11/2022', '07/11/2022', 'Thứ 2', 7, 11, 2022),
(8, 'Thứ 3 08/11/2022', '08/11/2022', 'Thứ 3', 8, 11, 2022),
(9, 'Thứ 4 09/11/2022', '09/11/2022', 'Thứ 4', 9, 11, 2022),
(10, 'Thứ 5 10/11/2022', '10/11/2022', 'Thứ 5', 10, 11, 2022),
(11, 'Thứ 6 11/11/2022', '11/11/2022', 'Thứ 6', 11, 11, 2022),
(12, 'Thứ 7 12/11/2022', '12/11/2022', 'Thứ 7', 12, 11, 2022),
(13, 'Chủ Nhật 13/11/2022', '13/11/2022', 'Chủ Nhật', 13, 11, 2022),
(14, 'Thứ 2 14/11/2022', '14/11/2022', 'Thứ 2', 14, 11, 2022),
(15, 'Thứ 3 15/11/2022', '15/11/2022', 'Thứ 3', 15, 11, 2022),
(16, 'Thứ 4 16/11/2022', '16/11/2022', 'Thứ 4', 16, 11, 2022),
(17, 'Thứ 5 17/11/2022', '17/11/2022', 'Thứ 5', 17, 11, 2022),
(18, 'Thứ 6 18/11/2022', '18/11/2022', 'Thứ 6', 18, 11, 2022),
(19, 'Thứ 7 19/11/2022', '19/11/2022', 'Thứ 7', 19, 11, 2022),
(20, 'Chủ Nhật 20/11/2022', '20/11/2022', 'Chủ Nhật', 20, 11, 2022),
(21, 'Thứ 2 21/11/2022', '21/11/2022', 'Thứ 2', 21, 11, 2022),
(22, 'Thứ 3 22/11/2022', '22/11/2022', 'Thứ 3', 22, 11, 2022),
(23, 'Thứ 4 23/11/2022', '23/11/2022', 'Thứ 4', 23, 11, 2022),
(24, 'Thứ 5 24/11/2022', '24/11/2022', 'Thứ 5', 24, 11, 2022),
(25, 'Thứ 6 25/11/2022', '25/11/2022', 'Thứ 6', 25, 11, 2022),
(26, 'Thứ 7 26/11/2022', '26/11/2022', 'Thứ 7', 26, 11, 2022),
(27, 'Chủ Nhật 27/11/2022', '27/11/2022', 'Chủ Nhật', 27, 11, 2022),
(28, 'Thứ 2 28/11/2022', '28/11/2022', 'Thứ 2', 28, 11, 2022),
(29, 'Thứ 3 29/11/2022', '29/11/2022', 'Thứ 3', 29, 11, 2022);

-- --------------------------------------------------------

--
-- Cấu trúc bảng cho bảng `lottery`
--

CREATE TABLE `lottery` (
  `id_lot` int(11) NOT NULL,
  `nk_id_lot` varchar(100) COLLATE utf8mb4_unicode_ci DEFAULT NULL,
  `id_date` int(11) DEFAULT NULL,
  `id_sour` int(11) DEFAULT NULL,
  `id_pro` int(11) DEFAULT NULL,
  `is_delete` varchar(5) COLLATE utf8mb4_unicode_ci DEFAULT 'FALSE',
  `update_date` date DEFAULT current_timestamp(),
  `expried_date` date DEFAULT '9999-12-31'
) ENGINE=InnoDB DEFAULT CHARSET=utf8mb4 COLLATE=utf8mb4_unicode_ci;

--
-- Đang đổ dữ liệu cho bảng `lottery`
--

INSERT INTO `lottery` (`id_lot`, `nk_id_lot`, `id_date`, `id_sour`, `id_pro`, `is_delete`, `update_date`, `expried_date`) VALUES
(1, 'xosodaiphat_01-11-2022_bac-lieu', 1, 1, 1, 'FALSE', '2022-11-29', '9999-12-31'),
(2, 'xosodaiphat_01-11-2022_ben-tre', 1, 1, 2, 'FALSE', '2022-11-29', '9999-12-31'),
(3, 'xosodaiphat_01-11-2022_vung-tau', 1, 1, 3, 'FALSE', '2022-11-29', '9999-12-31'),
(4, 'xosodaiphat_02-11-2022_can-tho', 2, 1, 4, 'FALSE', '2022-11-29', '9999-12-31'),
(5, 'xosodaiphat_02-11-2022_dong-nai', 2, 1, 5, 'FALSE', '2022-11-29', '9999-12-31'),
(6, 'xosodaiphat_02-11-2022_soc-trang', 2, 1, 6, 'FALSE', '2022-11-29', '9999-12-31'),
(7, 'xosodaiphat_03-11-2022_an-giang', 3, 1, 7, 'FALSE', '2022-11-29', '9999-12-31'),
(8, 'xosodaiphat_03-11-2022_binh-thuan', 3, 1, 8, 'FALSE', '2022-11-29', '9999-12-31'),
(9, 'xosodaiphat_03-11-2022_tay-ninh', 3, 1, 9, 'FALSE', '2022-11-29', '9999-12-31'),
(10, 'xosodaiphat_04-11-2022_binh-duong', 4, 1, 10, 'FALSE', '2022-11-29', '9999-12-31'),
(11, 'xosodaiphat_04-11-2022_tra-vinh', 4, 1, 11, 'FALSE', '2022-11-29', '9999-12-31'),
(12, 'xosodaiphat_04-11-2022_vinh-long', 4, 1, 12, 'FALSE', '2022-11-29', '9999-12-31'),
(13, 'xosodaiphat_05-11-2022_binh-phuoc', 5, 1, 13, 'FALSE', '2022-11-29', '9999-12-31'),
(14, 'xosodaiphat_05-11-2022_hau-giang', 5, 1, 14, 'FALSE', '2022-11-29', '9999-12-31'),
(15, 'xosodaiphat_05-11-2022_long-an', 5, 1, 15, 'FALSE', '2022-11-29', '9999-12-31'),
(16, 'xosodaiphat_05-11-2022_tphcm', 5, 1, 16, 'FALSE', '2022-11-29', '9999-12-31'),
(17, 'xosodaiphat_06-11-2022_da-lat', 6, 1, 17, 'FALSE', '2022-11-29', '9999-12-31'),
(18, 'xosodaiphat_06-11-2022_kien-giang', 6, 1, 18, 'FALSE', '2022-11-29', '9999-12-31'),
(19, 'xosodaiphat_06-11-2022_tien-giang', 6, 1, 19, 'FALSE', '2022-11-29', '9999-12-31'),
(20, 'xosodaiphat_07-11-2022_ca-mau', 7, 1, 20, 'FALSE', '2022-11-29', '9999-12-31'),
(21, 'xosodaiphat_07-11-2022_dong-thap', 7, 1, 21, 'FALSE', '2022-11-29', '9999-12-31'),
(22, 'xosodaiphat_07-11-2022_tphcm', 7, 1, 16, 'FALSE', '2022-11-29', '9999-12-31'),
(23, 'xosodaiphat_08-11-2022_bac-lieu', 8, 1, 1, 'FALSE', '2022-11-29', '9999-12-31'),
(24, 'xosodaiphat_08-11-2022_ben-tre', 8, 1, 2, 'FALSE', '2022-11-29', '9999-12-31'),
(25, 'xosodaiphat_08-11-2022_vung-tau', 8, 1, 3, 'FALSE', '2022-11-29', '9999-12-31'),
(26, 'xosodaiphat_09-11-2022_can-tho', 9, 1, 4, 'FALSE', '2022-11-29', '9999-12-31'),
(27, 'xosodaiphat_09-11-2022_dong-nai', 9, 1, 5, 'FALSE', '2022-11-29', '9999-12-31'),
(28, 'xosodaiphat_09-11-2022_soc-trang', 9, 1, 6, 'FALSE', '2022-11-29', '9999-12-31'),
(29, 'xosodaiphat_10-11-2022_an-giang', 10, 1, 7, 'FALSE', '2022-11-29', '9999-12-31'),
(30, 'xosodaiphat_10-11-2022_binh-thuan', 10, 1, 8, 'FALSE', '2022-11-29', '9999-12-31'),
(31, 'xosodaiphat_10-11-2022_tay-ninh', 10, 1, 9, 'FALSE', '2022-11-29', '9999-12-31'),
(32, 'xosodaiphat_11-11-2022_binh-duong', 11, 1, 10, 'FALSE', '2022-11-29', '9999-12-31'),
(33, 'xosodaiphat_11-11-2022_tra-vinh', 11, 1, 11, 'FALSE', '2022-11-29', '9999-12-31'),
(34, 'xosodaiphat_11-11-2022_vinh-long', 11, 1, 12, 'FALSE', '2022-11-29', '9999-12-31'),
(35, 'xosodaiphat_12-11-2022_binh-phuoc', 12, 1, 13, 'FALSE', '2022-11-29', '9999-12-31'),
(36, 'xosodaiphat_12-11-2022_hau-giang', 12, 1, 14, 'FALSE', '2022-11-29', '9999-12-31'),
(37, 'xosodaiphat_12-11-2022_long-an', 12, 1, 15, 'FALSE', '2022-11-29', '9999-12-31'),
(38, 'xosodaiphat_12-11-2022_tphcm', 12, 1, 16, 'FALSE', '2022-11-29', '9999-12-31'),
(39, 'xosodaiphat_13-11-2022_da-lat', 13, 1, 17, 'FALSE', '2022-11-29', '9999-12-31'),
(40, 'xosodaiphat_13-11-2022_kien-giang', 13, 1, 18, 'FALSE', '2022-11-29', '9999-12-31'),
(41, 'xosodaiphat_13-11-2022_tien-giang', 13, 1, 19, 'FALSE', '2022-11-29', '9999-12-31'),
(42, 'xosodaiphat_14-11-2022_ca-mau', 14, 1, 20, 'FALSE', '2022-11-29', '9999-12-31'),
(43, 'xosodaiphat_14-11-2022_dong-thap', 14, 1, 21, 'FALSE', '2022-11-29', '9999-12-31'),
(44, 'xosodaiphat_14-11-2022_tphcm', 14, 1, 16, 'FALSE', '2022-11-29', '9999-12-31'),
(45, 'xosodaiphat_15-11-2022_bac-lieu', 15, 1, 1, 'FALSE', '2022-11-29', '9999-12-31'),
(46, 'xosodaiphat_15-11-2022_ben-tre', 15, 1, 2, 'FALSE', '2022-11-29', '9999-12-31'),
(47, 'xosodaiphat_15-11-2022_vung-tau', 15, 1, 3, 'FALSE', '2022-11-29', '9999-12-31'),
(48, 'xosodaiphat_16-11-2022_can-tho', 16, 1, 4, 'FALSE', '2022-11-29', '9999-12-31'),
(49, 'xosodaiphat_16-11-2022_dong-nai', 16, 1, 5, 'FALSE', '2022-11-29', '9999-12-31'),
(50, 'xosodaiphat_16-11-2022_soc-trang', 16, 1, 6, 'FALSE', '2022-11-29', '9999-12-31'),
(51, 'xosodaiphat_17-11-2022_an-giang', 17, 1, 7, 'FALSE', '2022-11-29', '9999-12-31'),
(52, 'xosodaiphat_17-11-2022_binh-thuan', 17, 1, 8, 'FALSE', '2022-11-29', '9999-12-31'),
(53, 'xosodaiphat_17-11-2022_tay-ninh', 17, 1, 9, 'FALSE', '2022-11-29', '9999-12-31'),
(54, 'xosodaiphat_18-11-2022_binh-duong', 18, 1, 10, 'FALSE', '2022-11-29', '9999-12-31'),
(55, 'xosodaiphat_18-11-2022_tra-vinh', 18, 1, 11, 'FALSE', '2022-11-29', '9999-12-31'),
(56, 'xosodaiphat_18-11-2022_vinh-long', 18, 1, 12, 'FALSE', '2022-11-29', '9999-12-31'),
(57, 'xosodaiphat_19-11-2022_binh-phuoc', 19, 1, 13, 'FALSE', '2022-11-29', '9999-12-31'),
(58, 'xosodaiphat_19-11-2022_hau-giang', 19, 1, 14, 'FALSE', '2022-11-29', '9999-12-31'),
(59, 'xosodaiphat_19-11-2022_long-an', 19, 1, 15, 'FALSE', '2022-11-29', '9999-12-31'),
(60, 'xosodaiphat_19-11-2022_tphcm', 19, 1, 16, 'FALSE', '2022-11-29', '9999-12-31'),
(61, 'xosodaiphat_20-11-2022_da-lat', 20, 1, 17, 'FALSE', '2022-11-29', '9999-12-31'),
(62, 'xosodaiphat_20-11-2022_kien-giang', 20, 1, 18, 'FALSE', '2022-11-29', '9999-12-31'),
(63, 'xosodaiphat_20-11-2022_tien-giang', 20, 1, 19, 'FALSE', '2022-11-29', '9999-12-31'),
(64, 'xosodaiphat_21-11-2022_ca-mau', 21, 1, 20, 'FALSE', '2022-11-29', '9999-12-31'),
(65, 'xosodaiphat_21-11-2022_dong-thap', 21, 1, 21, 'FALSE', '2022-11-29', '9999-12-31'),
(66, 'xosodaiphat_21-11-2022_tphcm', 21, 1, 16, 'FALSE', '2022-11-29', '9999-12-31'),
(67, 'xosodaiphat_22-11-2022_bac-lieu', 22, 1, 1, 'FALSE', '2022-11-29', '9999-12-31'),
(68, 'xosodaiphat_22-11-2022_ben-tre', 22, 1, 2, 'FALSE', '2022-11-29', '9999-12-31'),
(69, 'xosodaiphat_22-11-2022_vung-tau', 22, 1, 3, 'FALSE', '2022-11-29', '9999-12-31'),
(70, 'xosodaiphat_23-11-2022_can-tho', 23, 1, 4, 'FALSE', '2022-11-29', '9999-12-31'),
(71, 'xosodaiphat_23-11-2022_dong-nai', 23, 1, 5, 'FALSE', '2022-11-29', '9999-12-31'),
(72, 'xosodaiphat_23-11-2022_soc-trang', 23, 1, 6, 'FALSE', '2022-11-29', '9999-12-31'),
(73, 'xosodaiphat_24-11-2022_an-giang', 24, 1, 7, 'FALSE', '2022-11-29', '9999-12-31'),
(74, 'xosodaiphat_24-11-2022_binh-thuan', 24, 1, 8, 'FALSE', '2022-11-29', '9999-12-31'),
(75, 'xosodaiphat_24-11-2022_tay-ninh', 24, 1, 9, 'FALSE', '2022-11-29', '9999-12-31'),
(76, 'xosodaiphat_25-11-2022_binh-duong', 25, 1, 10, 'FALSE', '2022-11-29', '9999-12-31'),
(77, 'xosodaiphat_25-11-2022_tra-vinh', 25, 1, 11, 'FALSE', '2022-11-29', '9999-12-31'),
(78, 'xosodaiphat_25-11-2022_vinh-long', 25, 1, 12, 'FALSE', '2022-11-29', '9999-12-31'),
(79, 'xosodaiphat_26-11-2022_binh-phuoc', 26, 1, 13, 'FALSE', '2022-11-29', '9999-12-31'),
(80, 'xosodaiphat_26-11-2022_hau-giang', 26, 1, 14, 'FALSE', '2022-11-29', '9999-12-31'),
(81, 'xosodaiphat_26-11-2022_long-an', 26, 1, 15, 'FALSE', '2022-11-29', '9999-12-31'),
(82, 'xosodaiphat_26-11-2022_tphcm', 26, 1, 16, 'FALSE', '2022-11-29', '9999-12-31'),
(83, 'xosodaiphat_27-11-2022_da-lat', 27, 1, 17, 'FALSE', '2022-11-29', '9999-12-31'),
(84, 'xosodaiphat_27-11-2022_kien-giang', 27, 1, 18, 'FALSE', '2022-11-29', '9999-12-31'),
(85, 'xosodaiphat_27-11-2022_tien-giang', 27, 1, 19, 'FALSE', '2022-11-29', '9999-12-31'),
(86, 'xosodaiphat_28-11-2022_ca-mau', 28, 1, 20, 'FALSE', '2022-11-29', '9999-12-31'),
(87, 'xosodaiphat_28-11-2022_dong-thap', 28, 1, 21, 'FALSE', '2022-11-29', '9999-12-31'),
(88, 'xosodaiphat_28-11-2022_tphcm', 28, 1, 16, 'FALSE', '2022-11-29', '9999-12-31'),
(89, 'xosodaiphat_29-11-2022_bac-lieu', 29, 1, 1, 'FALSE', '2022-11-29', '9999-12-31'),
(90, 'xosodaiphat_29-11-2022_ben-tre', 29, 1, 2, 'FALSE', '2022-11-29', '9999-12-31'),
(91, 'xosodaiphat_29-11-2022_vung-tau', 29, 1, 3, 'FALSE', '2022-11-29', '9999-12-31');

-- --------------------------------------------------------

--
-- Cấu trúc bảng cho bảng `prize_dim`
--

CREATE TABLE `prize_dim` (
  `id_pri` int(11) NOT NULL,
  `code_pri` varchar(50) COLLATE utf8mb4_unicode_ci DEFAULT NULL,
  `name` varchar(50) COLLATE utf8mb4_unicode_ci DEFAULT NULL,
  `prize` double DEFAULT NULL
) ENGINE=InnoDB DEFAULT CHARSET=utf8mb4 COLLATE=utf8mb4_unicode_ci;

--
-- Đang đổ dữ liệu cho bảng `prize_dim`
--

INSERT INTO `prize_dim` (`id_pri`, `code_pri`, `name`, `prize`) VALUES
(1, 'giai-8', 'Giải 8', 100000),
(2, 'giai-7', 'Giải 7', 200000),
(3, 'giai-6', 'Giải 6', 400000),
(4, 'giai-5', 'Giải 5', 1000000),
(5, 'giai-4', 'Giải 4', 3000000),
(6, 'giai-3', 'Giải 3', 10000000),
(7, 'giai-2', 'Giải 2', 15000000),
(8, 'giai-1', 'Giải 1', 30000000),
(9, 'giai-db', 'Giải ĐB', 2000000000);

-- --------------------------------------------------------

--
-- Cấu trúc bảng cho bảng `province_dim`
--

CREATE TABLE `province_dim` (
  `id_pro` int(11) NOT NULL,
  `code_pro` varchar(50) COLLATE utf8mb4_unicode_ci DEFAULT NULL,
  `name` varchar(50) COLLATE utf8mb4_unicode_ci DEFAULT NULL
) ENGINE=InnoDB DEFAULT CHARSET=utf8mb4 COLLATE=utf8mb4_unicode_ci;

--
-- Đang đổ dữ liệu cho bảng `province_dim`
--

INSERT INTO `province_dim` (`id_pro`, `code_pro`, `name`) VALUES
(1, 'bac-lieu', 'Bạc Liêu'),
(2, 'ben-tre', 'Bến Tre'),
(3, 'vung-tau', 'Vũng Tàu'),
(4, 'can-tho', 'Cần Thơ'),
(5, 'dong-nai', 'Đồng Nai'),
(6, 'soc-trang', 'Sóc Trăng'),
(7, 'an-giang', 'An Giang'),
(8, 'binh-thuan', 'Bình Thuận'),
(9, 'tay-ninh', 'Tây Ninh'),
(10, 'binh-duong', 'Bình Dương'),
(11, 'tra-vinh', 'Trà Vinh'),
(12, 'vinh-long', 'Vĩnh Long'),
(13, 'binh-phuoc', 'Bình Phước'),
(14, 'hau-giang', 'Hậu Giang'),
(15, 'long-an', 'Long An'),
(16, 'tphcm', 'TPHCM'),
(17, 'da-lat', 'Đà Lạt'),
(18, 'kien-giang', 'Kiên Giang'),
(19, 'tien-giang', 'Tiền Giang'),
(20, 'ca-mau', 'Cà Mau'),
(21, 'dong-thap', 'Đồng Tháp');

-- --------------------------------------------------------

--
-- Cấu trúc bảng cho bảng `result`
--

CREATE TABLE `result` (
  `id_re` int(11) NOT NULL,
  `id_lot` int(11) DEFAULT NULL,
  `id_pri` int(11) DEFAULT NULL,
  `result` varchar(255) COLLATE utf8mb4_unicode_ci DEFAULT NULL,
  `is_delete` varchar(5) COLLATE utf8mb4_unicode_ci DEFAULT 'FALSE',
  `update_date` date DEFAULT current_timestamp(),
  `expried_date` date DEFAULT '9999-12-31'
) ENGINE=InnoDB DEFAULT CHARSET=utf8mb4 COLLATE=utf8mb4_unicode_ci;

--
-- Đang đổ dữ liệu cho bảng `result`
--

INSERT INTO `result` (`id_re`, `id_lot`, `id_pri`, `result`, `is_delete`, `update_date`, `expried_date`) VALUES
(1, 1, 1, '75', 'FALSE', '2022-11-29', '9999-12-31'),
(2, 1, 2, '815', 'FALSE', '2022-11-29', '9999-12-31'),
(3, 1, 3, '0148 2536 5915', 'FALSE', '2022-11-29', '9999-12-31'),
(4, 1, 4, '9531', 'FALSE', '2022-11-29', '9999-12-31'),
(5, 1, 5, '72338 04183 98045 35598 13976 93104 35118', 'FALSE', '2022-11-29', '9999-12-31'),
(6, 1, 6, '46652 42457', 'FALSE', '2022-11-29', '9999-12-31'),
(7, 1, 7, '90991', 'FALSE', '2022-11-29', '9999-12-31'),
(8, 1, 8, '96310', 'FALSE', '2022-11-29', '9999-12-31'),
(9, 1, 9, '856665', 'FALSE', '2022-11-29', '9999-12-31'),
(10, 2, 1, '19', 'FALSE', '2022-11-29', '9999-12-31'),
(11, 2, 2, '552', 'FALSE', '2022-11-29', '9999-12-31'),
(12, 2, 3, '0296 9382 9172', 'FALSE', '2022-11-29', '9999-12-31'),
(13, 2, 4, '5963', 'FALSE', '2022-11-29', '9999-12-31'),
(14, 2, 5, '13402 61187 52095 08813 20936 67716 58252', 'FALSE', '2022-11-29', '9999-12-31'),
(15, 2, 6, '30639 46953', 'FALSE', '2022-11-29', '9999-12-31'),
(16, 2, 7, '38398', 'FALSE', '2022-11-29', '9999-12-31'),
(17, 2, 8, '51241', 'FALSE', '2022-11-29', '9999-12-31'),
(18, 2, 9, '267454', 'FALSE', '2022-11-29', '9999-12-31'),
(19, 3, 1, '60', 'FALSE', '2022-11-29', '9999-12-31'),
(20, 3, 2, '585', 'FALSE', '2022-11-29', '9999-12-31'),
(21, 3, 3, '4059 3694 5144', 'FALSE', '2022-11-29', '9999-12-31'),
(22, 3, 4, '4090', 'FALSE', '2022-11-29', '9999-12-31'),
(23, 3, 5, '81725 93585 75824 81792 31468 11714 84948', 'FALSE', '2022-11-29', '9999-12-31'),
(24, 3, 6, '74804 53727', 'FALSE', '2022-11-29', '9999-12-31'),
(25, 3, 7, '42445', 'FALSE', '2022-11-29', '9999-12-31'),
(26, 3, 8, '72322', 'FALSE', '2022-11-29', '9999-12-31'),
(27, 3, 9, '165010', 'FALSE', '2022-11-29', '9999-12-31'),
(28, 4, 1, '62', 'FALSE', '2022-11-29', '9999-12-31'),
(29, 4, 2, '318', 'FALSE', '2022-11-29', '9999-12-31'),
(30, 4, 3, '4980 8589 1446', 'FALSE', '2022-11-29', '9999-12-31'),
(31, 4, 4, '2915', 'FALSE', '2022-11-29', '9999-12-31'),
(32, 4, 5, '63256 81488 28051 57403 21689 14343 15927', 'FALSE', '2022-11-29', '9999-12-31'),
(33, 4, 6, '79016 46919', 'FALSE', '2022-11-29', '9999-12-31'),
(34, 4, 7, '45961', 'FALSE', '2022-11-29', '9999-12-31'),
(35, 4, 8, '56806', 'FALSE', '2022-11-29', '9999-12-31'),
(36, 4, 9, '439832', 'FALSE', '2022-11-29', '9999-12-31'),
(37, 5, 1, '12', 'FALSE', '2022-11-29', '9999-12-31'),
(38, 5, 2, '351', 'FALSE', '2022-11-29', '9999-12-31'),
(39, 5, 3, '8749 4547 5948', 'FALSE', '2022-11-29', '9999-12-31'),
(40, 5, 4, '6127', 'FALSE', '2022-11-29', '9999-12-31'),
(41, 5, 5, '33232 53604 01343 51563 78306 56772 33303', 'FALSE', '2022-11-29', '9999-12-31'),
(42, 5, 6, '17747 00265', 'FALSE', '2022-11-29', '9999-12-31'),
(43, 5, 7, '44202', 'FALSE', '2022-11-29', '9999-12-31'),
(44, 5, 8, '00596', 'FALSE', '2022-11-29', '9999-12-31'),
(45, 5, 9, '262415', 'FALSE', '2022-11-29', '9999-12-31'),
(46, 6, 1, '82', 'FALSE', '2022-11-29', '9999-12-31'),
(47, 6, 2, '737', 'FALSE', '2022-11-29', '9999-12-31'),
(48, 6, 3, '6202 5062 1581', 'FALSE', '2022-11-29', '9999-12-31'),
(49, 6, 4, '7397', 'FALSE', '2022-11-29', '9999-12-31'),
(50, 6, 5, '87216 31029 47376 42699 28921 73554 06046', 'FALSE', '2022-11-29', '9999-12-31'),
(51, 6, 6, '78891 54077', 'FALSE', '2022-11-29', '9999-12-31'),
(52, 6, 7, '41512', 'FALSE', '2022-11-29', '9999-12-31'),
(53, 6, 8, '67432', 'FALSE', '2022-11-29', '9999-12-31'),
(54, 6, 9, '695342', 'FALSE', '2022-11-29', '9999-12-31'),
(55, 7, 1, '49', 'FALSE', '2022-11-29', '9999-12-31'),
(56, 7, 2, '311', 'FALSE', '2022-11-29', '9999-12-31'),
(57, 7, 3, '7119 8674 3359', 'FALSE', '2022-11-29', '9999-12-31'),
(58, 7, 4, '8435', 'FALSE', '2022-11-29', '9999-12-31'),
(59, 7, 5, '64841 10885 63739 08912 88747 25311 56899', 'FALSE', '2022-11-29', '9999-12-31'),
(60, 7, 6, '38631 85035', 'FALSE', '2022-11-29', '9999-12-31'),
(61, 7, 7, '96146', 'FALSE', '2022-11-29', '9999-12-31'),
(62, 7, 8, '94169', 'FALSE', '2022-11-29', '9999-12-31'),
(63, 7, 9, '284450', 'FALSE', '2022-11-29', '9999-12-31'),
(64, 8, 1, '71', 'FALSE', '2022-11-29', '9999-12-31'),
(65, 8, 2, '336', 'FALSE', '2022-11-29', '9999-12-31'),
(66, 8, 3, '7180 3263 9554', 'FALSE', '2022-11-29', '9999-12-31'),
(67, 8, 4, '3289', 'FALSE', '2022-11-29', '9999-12-31'),
(68, 8, 5, '21985 28631 00034 13700 37604 14576 65276', 'FALSE', '2022-11-29', '9999-12-31'),
(69, 8, 6, '13186 44034', 'FALSE', '2022-11-29', '9999-12-31'),
(70, 8, 7, '99744', 'FALSE', '2022-11-29', '9999-12-31'),
(71, 8, 8, '88379', 'FALSE', '2022-11-29', '9999-12-31'),
(72, 8, 9, '738090', 'FALSE', '2022-11-29', '9999-12-31'),
(73, 9, 1, '72', 'FALSE', '2022-11-29', '9999-12-31'),
(74, 9, 2, '196', 'FALSE', '2022-11-29', '9999-12-31'),
(75, 9, 3, '6360 9243 1064', 'FALSE', '2022-11-29', '9999-12-31'),
(76, 9, 4, '3944', 'FALSE', '2022-11-29', '9999-12-31'),
(77, 9, 5, '24595 97273 51546 25648 11951 13206 03823', 'FALSE', '2022-11-29', '9999-12-31'),
(78, 9, 6, '28127 79133', 'FALSE', '2022-11-29', '9999-12-31'),
(79, 9, 7, '80688', 'FALSE', '2022-11-29', '9999-12-31'),
(80, 9, 8, '17112', 'FALSE', '2022-11-29', '9999-12-31'),
(81, 9, 9, '862273', 'FALSE', '2022-11-29', '9999-12-31'),
(82, 10, 1, '29', 'FALSE', '2022-11-29', '9999-12-31'),
(83, 10, 2, '861', 'FALSE', '2022-11-29', '9999-12-31'),
(84, 10, 3, '8138 9703 1991', 'FALSE', '2022-11-29', '9999-12-31'),
(85, 10, 4, '8539', 'FALSE', '2022-11-29', '9999-12-31'),
(86, 10, 5, '31161 19493 06744 36061 35803 54381 67369', 'FALSE', '2022-11-29', '9999-12-31'),
(87, 10, 6, '07312 47458', 'FALSE', '2022-11-29', '9999-12-31'),
(88, 10, 7, '99147', 'FALSE', '2022-11-29', '9999-12-31'),
(89, 10, 8, '00970', 'FALSE', '2022-11-29', '9999-12-31'),
(90, 10, 9, '040082', 'FALSE', '2022-11-29', '9999-12-31'),
(91, 11, 1, '69', 'FALSE', '2022-11-29', '9999-12-31'),
(92, 11, 2, '992', 'FALSE', '2022-11-29', '9999-12-31'),
(93, 11, 3, '7503 3454 4061', 'FALSE', '2022-11-29', '9999-12-31'),
(94, 11, 4, '7059', 'FALSE', '2022-11-29', '9999-12-31'),
(95, 11, 5, '71176 86139 49166 08883 39929 48951 46726', 'FALSE', '2022-11-29', '9999-12-31'),
(96, 11, 6, '00169 11940', 'FALSE', '2022-11-29', '9999-12-31'),
(97, 11, 7, '19261', 'FALSE', '2022-11-29', '9999-12-31'),
(98, 11, 8, '17178', 'FALSE', '2022-11-29', '9999-12-31'),
(99, 11, 9, '200850', 'FALSE', '2022-11-29', '9999-12-31'),
(100, 12, 1, '36', 'FALSE', '2022-11-29', '9999-12-31'),
(101, 12, 2, '189', 'FALSE', '2022-11-29', '9999-12-31'),
(102, 12, 3, '0627 5732 4678', 'FALSE', '2022-11-29', '9999-12-31'),
(103, 12, 4, '7821', 'FALSE', '2022-11-29', '9999-12-31'),
(104, 12, 5, '99938 95119 74033 16273 33094 26791 85261', 'FALSE', '2022-11-29', '9999-12-31'),
(105, 12, 6, '49517 38731', 'FALSE', '2022-11-29', '9999-12-31'),
(106, 12, 7, '10544', 'FALSE', '2022-11-29', '9999-12-31'),
(107, 12, 8, '43428', 'FALSE', '2022-11-29', '9999-12-31'),
(108, 12, 9, '183799', 'FALSE', '2022-11-29', '9999-12-31'),
(109, 13, 1, '43', 'FALSE', '2022-11-29', '9999-12-31'),
(110, 13, 2, '484', 'FALSE', '2022-11-29', '9999-12-31'),
(111, 13, 3, '5183 8900 2995', 'FALSE', '2022-11-29', '9999-12-31'),
(112, 13, 4, '8670', 'FALSE', '2022-11-29', '9999-12-31'),
(113, 13, 5, '89712 77100 63181 48406 41338 98311 29426', 'FALSE', '2022-11-29', '9999-12-31'),
(114, 13, 6, '77067 40966', 'FALSE', '2022-11-29', '9999-12-31'),
(115, 13, 7, '49673', 'FALSE', '2022-11-29', '9999-12-31'),
(116, 13, 8, '23078', 'FALSE', '2022-11-29', '9999-12-31'),
(117, 13, 9, '271021', 'FALSE', '2022-11-29', '9999-12-31'),
(118, 14, 1, '65', 'FALSE', '2022-11-29', '9999-12-31'),
(119, 14, 2, '062', 'FALSE', '2022-11-29', '9999-12-31'),
(120, 14, 3, '2237 5488 2656', 'FALSE', '2022-11-29', '9999-12-31'),
(121, 14, 4, '1196', 'FALSE', '2022-11-29', '9999-12-31'),
(122, 14, 5, '95825 20531 94017 58435 42429 08346 19226', 'FALSE', '2022-11-29', '9999-12-31'),
(123, 14, 6, '15357 43081', 'FALSE', '2022-11-29', '9999-12-31'),
(124, 14, 7, '36904', 'FALSE', '2022-11-29', '9999-12-31'),
(125, 14, 8, '16032', 'FALSE', '2022-11-29', '9999-12-31'),
(126, 14, 9, '505926', 'FALSE', '2022-11-29', '9999-12-31'),
(127, 15, 1, '95', 'FALSE', '2022-11-29', '9999-12-31'),
(128, 15, 2, '372', 'FALSE', '2022-11-29', '9999-12-31'),
(129, 15, 3, '3891 4353 8033', 'FALSE', '2022-11-29', '9999-12-31'),
(130, 15, 4, '5173', 'FALSE', '2022-11-29', '9999-12-31'),
(131, 15, 5, '23866 46513 11420 24339 47446 09402 65059', 'FALSE', '2022-11-29', '9999-12-31'),
(132, 15, 6, '34197 98605', 'FALSE', '2022-11-29', '9999-12-31'),
(133, 15, 7, '34301', 'FALSE', '2022-11-29', '9999-12-31'),
(134, 15, 8, '06606', 'FALSE', '2022-11-29', '9999-12-31'),
(135, 15, 9, '209568', 'FALSE', '2022-11-29', '9999-12-31'),
(136, 16, 1, '60', 'FALSE', '2022-11-29', '9999-12-31'),
(137, 16, 2, '690', 'FALSE', '2022-11-29', '9999-12-31'),
(138, 16, 3, '1970 1437 0152', 'FALSE', '2022-11-29', '9999-12-31'),
(139, 16, 4, '8121', 'FALSE', '2022-11-29', '9999-12-31'),
(140, 16, 5, '28590 46805 97775 45965 29525 21405 69423', 'FALSE', '2022-11-29', '9999-12-31'),
(141, 16, 6, '10251 05690', 'FALSE', '2022-11-29', '9999-12-31'),
(142, 16, 7, '28117', 'FALSE', '2022-11-29', '9999-12-31'),
(143, 16, 8, '89623', 'FALSE', '2022-11-29', '9999-12-31'),
(144, 16, 9, '011128', 'FALSE', '2022-11-29', '9999-12-31'),
(145, 17, 1, '39', 'FALSE', '2022-11-29', '9999-12-31'),
(146, 17, 2, '509', 'FALSE', '2022-11-29', '9999-12-31'),
(147, 17, 3, '3030 6905 7846', 'FALSE', '2022-11-29', '9999-12-31'),
(148, 17, 4, '8915', 'FALSE', '2022-11-29', '9999-12-31'),
(149, 17, 5, '38013 07628 73391 36502 24223 77416 82026', 'FALSE', '2022-11-29', '9999-12-31'),
(150, 17, 6, '95173 72225', 'FALSE', '2022-11-29', '9999-12-31'),
(151, 17, 7, '98283', 'FALSE', '2022-11-29', '9999-12-31'),
(152, 17, 8, '31585', 'FALSE', '2022-11-29', '9999-12-31'),
(153, 17, 9, '305158', 'FALSE', '2022-11-29', '9999-12-31'),
(154, 18, 1, '87', 'FALSE', '2022-11-29', '9999-12-31'),
(155, 18, 2, '888', 'FALSE', '2022-11-29', '9999-12-31'),
(156, 18, 3, '4104 9065 6719', 'FALSE', '2022-11-29', '9999-12-31'),
(157, 18, 4, '5400', 'FALSE', '2022-11-29', '9999-12-31'),
(158, 18, 5, '04974 35647 90502 16663 20664 10331 84927', 'FALSE', '2022-11-29', '9999-12-31'),
(159, 18, 6, '62699 37191', 'FALSE', '2022-11-29', '9999-12-31'),
(160, 18, 7, '00021', 'FALSE', '2022-11-29', '9999-12-31'),
(161, 18, 8, '98412', 'FALSE', '2022-11-29', '9999-12-31'),
(162, 18, 9, '175812', 'FALSE', '2022-11-29', '9999-12-31'),
(163, 19, 1, '82', 'FALSE', '2022-11-29', '9999-12-31'),
(164, 19, 2, '947', 'FALSE', '2022-11-29', '9999-12-31'),
(165, 19, 3, '4484 0437 4497', 'FALSE', '2022-11-29', '9999-12-31'),
(166, 19, 4, '4561', 'FALSE', '2022-11-29', '9999-12-31'),
(167, 19, 5, '63723 18850 20163 36712 78121 38667 56673', 'FALSE', '2022-11-29', '9999-12-31'),
(168, 19, 6, '03323 60183', 'FALSE', '2022-11-29', '9999-12-31'),
(169, 19, 7, '08537', 'FALSE', '2022-11-29', '9999-12-31'),
(170, 19, 8, '18098', 'FALSE', '2022-11-29', '9999-12-31'),
(171, 19, 9, '981708', 'FALSE', '2022-11-29', '9999-12-31'),
(172, 20, 1, '90', 'FALSE', '2022-11-29', '9999-12-31'),
(173, 20, 2, '569', 'FALSE', '2022-11-29', '9999-12-31'),
(174, 20, 3, '4846 3186 8009', 'FALSE', '2022-11-29', '9999-12-31'),
(175, 20, 4, '9736', 'FALSE', '2022-11-29', '9999-12-31'),
(176, 20, 5, '28855 56320 30920 40425 13405 90103 46064', 'FALSE', '2022-11-29', '9999-12-31'),
(177, 20, 6, '84361 15584', 'FALSE', '2022-11-29', '9999-12-31'),
(178, 20, 7, '17214', 'FALSE', '2022-11-29', '9999-12-31'),
(179, 20, 8, '70511', 'FALSE', '2022-11-29', '9999-12-31'),
(180, 20, 9, '864140', 'FALSE', '2022-11-29', '9999-12-31'),
(181, 21, 1, '59', 'FALSE', '2022-11-29', '9999-12-31'),
(182, 21, 2, '614', 'FALSE', '2022-11-29', '9999-12-31'),
(183, 21, 3, '9251 1535 9974', 'FALSE', '2022-11-29', '9999-12-31'),
(184, 21, 4, '1342', 'FALSE', '2022-11-29', '9999-12-31'),
(185, 21, 5, '67742 02160 17259 15102 88476 94344 05059', 'FALSE', '2022-11-29', '9999-12-31'),
(186, 21, 6, '97659 55960', 'FALSE', '2022-11-29', '9999-12-31'),
(187, 21, 7, '56500', 'FALSE', '2022-11-29', '9999-12-31'),
(188, 21, 8, '85099', 'FALSE', '2022-11-29', '9999-12-31'),
(189, 21, 9, '311212', 'FALSE', '2022-11-29', '9999-12-31'),
(190, 22, 1, '99', 'FALSE', '2022-11-29', '9999-12-31'),
(191, 22, 2, '396', 'FALSE', '2022-11-29', '9999-12-31'),
(192, 22, 3, '9139 7280 8203', 'FALSE', '2022-11-29', '9999-12-31'),
(193, 22, 4, '9393', 'FALSE', '2022-11-29', '9999-12-31'),
(194, 22, 5, '25004 16208 73044 97708 01147 32302 60745', 'FALSE', '2022-11-29', '9999-12-31'),
(195, 22, 6, '60953 14381', 'FALSE', '2022-11-29', '9999-12-31'),
(196, 22, 7, '37599', 'FALSE', '2022-11-29', '9999-12-31'),
(197, 22, 8, '96153', 'FALSE', '2022-11-29', '9999-12-31'),
(198, 22, 9, '375596', 'FALSE', '2022-11-29', '9999-12-31'),
(199, 23, 1, '26', 'FALSE', '2022-11-29', '9999-12-31'),
(200, 23, 2, '493', 'FALSE', '2022-11-29', '9999-12-31'),
(201, 23, 3, '5311 8276 4525', 'FALSE', '2022-11-29', '9999-12-31'),
(202, 23, 4, '2453', 'FALSE', '2022-11-29', '9999-12-31'),
(203, 23, 5, '85863 13193 96503 76447 36801 13084 17633', 'FALSE', '2022-11-29', '9999-12-31'),
(204, 23, 6, '56150 38837', 'FALSE', '2022-11-29', '9999-12-31'),
(205, 23, 7, '65808', 'FALSE', '2022-11-29', '9999-12-31'),
(206, 23, 8, '45956', 'FALSE', '2022-11-29', '9999-12-31'),
(207, 23, 9, '406521', 'FALSE', '2022-11-29', '9999-12-31'),
(208, 24, 1, '01', 'FALSE', '2022-11-29', '9999-12-31'),
(209, 24, 2, '976', 'FALSE', '2022-11-29', '9999-12-31'),
(210, 24, 3, '7892 8706 7529', 'FALSE', '2022-11-29', '9999-12-31'),
(211, 24, 4, '1683', 'FALSE', '2022-11-29', '9999-12-31'),
(212, 24, 5, '07471 85375 59917 48827 69355 65393 85999', 'FALSE', '2022-11-29', '9999-12-31'),
(213, 24, 6, '37044 33402', 'FALSE', '2022-11-29', '9999-12-31'),
(214, 24, 7, '78363', 'FALSE', '2022-11-29', '9999-12-31'),
(215, 24, 8, '93388', 'FALSE', '2022-11-29', '9999-12-31'),
(216, 24, 9, '409126', 'FALSE', '2022-11-29', '9999-12-31'),
(217, 25, 1, '95', 'FALSE', '2022-11-29', '9999-12-31'),
(218, 25, 2, '163', 'FALSE', '2022-11-29', '9999-12-31'),
(219, 25, 3, '2842 1002 3497', 'FALSE', '2022-11-29', '9999-12-31'),
(220, 25, 4, '1456', 'FALSE', '2022-11-29', '9999-12-31'),
(221, 25, 5, '50239 22502 14015 80036 74308 24604 55188', 'FALSE', '2022-11-29', '9999-12-31'),
(222, 25, 6, '18421 05889', 'FALSE', '2022-11-29', '9999-12-31'),
(223, 25, 7, '93625', 'FALSE', '2022-11-29', '9999-12-31'),
(224, 25, 8, '59258', 'FALSE', '2022-11-29', '9999-12-31'),
(225, 25, 9, '760839', 'FALSE', '2022-11-29', '9999-12-31'),
(226, 26, 1, '48', 'FALSE', '2022-11-29', '9999-12-31'),
(227, 26, 2, '760', 'FALSE', '2022-11-29', '9999-12-31'),
(228, 26, 3, '0379 5951 8375', 'FALSE', '2022-11-29', '9999-12-31'),
(229, 26, 4, '5805', 'FALSE', '2022-11-29', '9999-12-31'),
(230, 26, 5, '08854 19409 44477 74339 74881 13168 80129', 'FALSE', '2022-11-29', '9999-12-31'),
(231, 26, 6, '18127 77341', 'FALSE', '2022-11-29', '9999-12-31'),
(232, 26, 7, '47110', 'FALSE', '2022-11-29', '9999-12-31'),
(233, 26, 8, '89416', 'FALSE', '2022-11-29', '9999-12-31'),
(234, 26, 9, '597943', 'FALSE', '2022-11-29', '9999-12-31'),
(235, 27, 1, '70', 'FALSE', '2022-11-29', '9999-12-31'),
(236, 27, 2, '754', 'FALSE', '2022-11-29', '9999-12-31'),
(237, 27, 3, '3501 3590 2402', 'FALSE', '2022-11-29', '9999-12-31'),
(238, 27, 4, '7267', 'FALSE', '2022-11-29', '9999-12-31'),
(239, 27, 5, '69112 86551 11064 65828 51979 09601 78405', 'FALSE', '2022-11-29', '9999-12-31'),
(240, 27, 6, '87740 91802', 'FALSE', '2022-11-29', '9999-12-31'),
(241, 27, 7, '95470', 'FALSE', '2022-11-29', '9999-12-31'),
(242, 27, 8, '69394', 'FALSE', '2022-11-29', '9999-12-31'),
(243, 27, 9, '229487', 'FALSE', '2022-11-29', '9999-12-31'),
(244, 28, 1, '17', 'FALSE', '2022-11-29', '9999-12-31'),
(245, 28, 2, '160', 'FALSE', '2022-11-29', '9999-12-31'),
(246, 28, 3, '0800 6837 9968', 'FALSE', '2022-11-29', '9999-12-31'),
(247, 28, 4, '3002', 'FALSE', '2022-11-29', '9999-12-31'),
(248, 28, 5, '63138 69334 24848 49416 01996 67392 43111', 'FALSE', '2022-11-29', '9999-12-31'),
(249, 28, 6, '74943 87889', 'FALSE', '2022-11-29', '9999-12-31'),
(250, 28, 7, '52476', 'FALSE', '2022-11-29', '9999-12-31'),
(251, 28, 8, '61231', 'FALSE', '2022-11-29', '9999-12-31'),
(252, 28, 9, '676454', 'FALSE', '2022-11-29', '9999-12-31'),
(253, 29, 1, '05', 'FALSE', '2022-11-29', '9999-12-31'),
(254, 29, 2, '851', 'FALSE', '2022-11-29', '9999-12-31'),
(255, 29, 3, '2143 7603 8613', 'FALSE', '2022-11-29', '9999-12-31'),
(256, 29, 4, '8508', 'FALSE', '2022-11-29', '9999-12-31'),
(257, 29, 5, '52469 42261 31961 70387 66015 73042 34428', 'FALSE', '2022-11-29', '9999-12-31'),
(258, 29, 6, '73352 19557', 'FALSE', '2022-11-29', '9999-12-31'),
(259, 29, 7, '64916', 'FALSE', '2022-11-29', '9999-12-31'),
(260, 29, 8, '33503', 'FALSE', '2022-11-29', '9999-12-31'),
(261, 29, 9, '009646', 'FALSE', '2022-11-29', '9999-12-31'),
(262, 30, 1, '54', 'FALSE', '2022-11-29', '9999-12-31'),
(263, 30, 2, '540', 'FALSE', '2022-11-29', '9999-12-31'),
(264, 30, 3, '4148 8393 8888', 'FALSE', '2022-11-29', '9999-12-31'),
(265, 30, 4, '0938', 'FALSE', '2022-11-29', '9999-12-31'),
(266, 30, 5, '59186 17012 42788 76351 41260 17919 54975', 'FALSE', '2022-11-29', '9999-12-31'),
(267, 30, 6, '13674 33483', 'FALSE', '2022-11-29', '9999-12-31'),
(268, 30, 7, '45840', 'FALSE', '2022-11-29', '9999-12-31'),
(269, 30, 8, '44125', 'FALSE', '2022-11-29', '9999-12-31'),
(270, 30, 9, '571324', 'FALSE', '2022-11-29', '9999-12-31'),
(271, 31, 1, '98', 'FALSE', '2022-11-29', '9999-12-31'),
(272, 31, 2, '524', 'FALSE', '2022-11-29', '9999-12-31'),
(273, 31, 3, '8145 4473 1643', 'FALSE', '2022-11-29', '9999-12-31'),
(274, 31, 4, '5518', 'FALSE', '2022-11-29', '9999-12-31'),
(275, 31, 5, '72680 66756 14634 12990 13616 65104 61689', 'FALSE', '2022-11-29', '9999-12-31'),
(276, 31, 6, '17528 39035', 'FALSE', '2022-11-29', '9999-12-31'),
(277, 31, 7, '12678', 'FALSE', '2022-11-29', '9999-12-31'),
(278, 31, 8, '10321', 'FALSE', '2022-11-29', '9999-12-31'),
(279, 31, 9, '978402', 'FALSE', '2022-11-29', '9999-12-31'),
(280, 32, 1, '58', 'FALSE', '2022-11-29', '9999-12-31'),
(281, 32, 2, '151', 'FALSE', '2022-11-29', '9999-12-31'),
(282, 32, 3, '4384 5169 1265', 'FALSE', '2022-11-29', '9999-12-31'),
(283, 32, 4, '6862', 'FALSE', '2022-11-29', '9999-12-31'),
(284, 32, 5, '48055 26620 87577 40277 41807 48367 62722', 'FALSE', '2022-11-29', '9999-12-31'),
(285, 32, 6, '50084 59799', 'FALSE', '2022-11-29', '9999-12-31'),
(286, 32, 7, '97033', 'FALSE', '2022-11-29', '9999-12-31'),
(287, 32, 8, '14445', 'FALSE', '2022-11-29', '9999-12-31'),
(288, 32, 9, '128733', 'FALSE', '2022-11-29', '9999-12-31'),
(289, 33, 1, '81', 'FALSE', '2022-11-29', '9999-12-31'),
(290, 33, 2, '001', 'FALSE', '2022-11-29', '9999-12-31'),
(291, 33, 3, '3200 7683 5817', 'FALSE', '2022-11-29', '9999-12-31'),
(292, 33, 4, '9344', 'FALSE', '2022-11-29', '9999-12-31'),
(293, 33, 5, '70365 35697 99278 67106 16128 35144 69409', 'FALSE', '2022-11-29', '9999-12-31'),
(294, 33, 6, '89954 08151', 'FALSE', '2022-11-29', '9999-12-31'),
(295, 33, 7, '40939', 'FALSE', '2022-11-29', '9999-12-31'),
(296, 33, 8, '87254', 'FALSE', '2022-11-29', '9999-12-31'),
(297, 33, 9, '530214', 'FALSE', '2022-11-29', '9999-12-31'),
(298, 34, 1, '61', 'FALSE', '2022-11-29', '9999-12-31'),
(299, 34, 2, '570', 'FALSE', '2022-11-29', '9999-12-31'),
(300, 34, 3, '5746 2286 1841', 'FALSE', '2022-11-29', '9999-12-31'),
(301, 34, 4, '5560', 'FALSE', '2022-11-29', '9999-12-31'),
(302, 34, 5, '24944 01860 62844 11277 77057 25327 66596', 'FALSE', '2022-11-29', '9999-12-31'),
(303, 34, 6, '89389 65328', 'FALSE', '2022-11-29', '9999-12-31'),
(304, 34, 7, '81173', 'FALSE', '2022-11-29', '9999-12-31'),
(305, 34, 8, '42149', 'FALSE', '2022-11-29', '9999-12-31'),
(306, 34, 9, '820665', 'FALSE', '2022-11-29', '9999-12-31'),
(307, 35, 1, '47', 'FALSE', '2022-11-29', '9999-12-31'),
(308, 35, 2, '314', 'FALSE', '2022-11-29', '9999-12-31'),
(309, 35, 3, '3928 6200 6577', 'FALSE', '2022-11-29', '9999-12-31'),
(310, 35, 4, '7077', 'FALSE', '2022-11-29', '9999-12-31'),
(311, 35, 5, '60699 58917 49562 12872 20672 93591 42767', 'FALSE', '2022-11-29', '9999-12-31'),
(312, 35, 6, '43198 27022', 'FALSE', '2022-11-29', '9999-12-31'),
(313, 35, 7, '60098', 'FALSE', '2022-11-29', '9999-12-31'),
(314, 35, 8, '10041', 'FALSE', '2022-11-29', '9999-12-31'),
(315, 35, 9, '893855', 'FALSE', '2022-11-29', '9999-12-31'),
(316, 36, 1, '59', 'FALSE', '2022-11-29', '9999-12-31'),
(317, 36, 2, '406', 'FALSE', '2022-11-29', '9999-12-31'),
(318, 36, 3, '9992 1385 3812', 'FALSE', '2022-11-29', '9999-12-31'),
(319, 36, 4, '1500', 'FALSE', '2022-11-29', '9999-12-31'),
(320, 36, 5, '47027 45003 42861 93625 94019 48228 37083', 'FALSE', '2022-11-29', '9999-12-31'),
(321, 36, 6, '89654 63889', 'FALSE', '2022-11-29', '9999-12-31'),
(322, 36, 7, '68785', 'FALSE', '2022-11-29', '9999-12-31'),
(323, 36, 8, '79748', 'FALSE', '2022-11-29', '9999-12-31'),
(324, 36, 9, '780807', 'FALSE', '2022-11-29', '9999-12-31'),
(325, 37, 1, '78', 'FALSE', '2022-11-29', '9999-12-31'),
(326, 37, 2, '456', 'FALSE', '2022-11-29', '9999-12-31'),
(327, 37, 3, '1494 1872 1531', 'FALSE', '2022-11-29', '9999-12-31'),
(328, 37, 4, '8030', 'FALSE', '2022-11-29', '9999-12-31'),
(329, 37, 5, '64804 78717 32256 39626 95594 48012 02689', 'FALSE', '2022-11-29', '9999-12-31'),
(330, 37, 6, '80986 19727', 'FALSE', '2022-11-29', '9999-12-31'),
(331, 37, 7, '57633', 'FALSE', '2022-11-29', '9999-12-31'),
(332, 37, 8, '32464', 'FALSE', '2022-11-29', '9999-12-31'),
(333, 37, 9, '615656', 'FALSE', '2022-11-29', '9999-12-31'),
(334, 38, 1, '43', 'FALSE', '2022-11-29', '9999-12-31'),
(335, 38, 2, '058', 'FALSE', '2022-11-29', '9999-12-31'),
(336, 38, 3, '1669 3677 4096', 'FALSE', '2022-11-29', '9999-12-31'),
(337, 38, 4, '7458', 'FALSE', '2022-11-29', '9999-12-31'),
(338, 38, 5, '15636 40912 08629 86296 35942 19564 59178', 'FALSE', '2022-11-29', '9999-12-31'),
(339, 38, 6, '07682 90486', 'FALSE', '2022-11-29', '9999-12-31'),
(340, 38, 7, '87026', 'FALSE', '2022-11-29', '9999-12-31'),
(341, 38, 8, '59056', 'FALSE', '2022-11-29', '9999-12-31'),
(342, 38, 9, '084841', 'FALSE', '2022-11-29', '9999-12-31'),
(343, 39, 1, '81', 'FALSE', '2022-11-29', '9999-12-31'),
(344, 39, 2, '226', 'FALSE', '2022-11-29', '9999-12-31'),
(345, 39, 3, '8952 0262 2732', 'FALSE', '2022-11-29', '9999-12-31'),
(346, 39, 4, '3520', 'FALSE', '2022-11-29', '9999-12-31'),
(347, 39, 5, '48132 25070 04222 94402 01198 14247 60620', 'FALSE', '2022-11-29', '9999-12-31'),
(348, 39, 6, '33256 65199', 'FALSE', '2022-11-29', '9999-12-31'),
(349, 39, 7, '85661', 'FALSE', '2022-11-29', '9999-12-31'),
(350, 39, 8, '02742', 'FALSE', '2022-11-29', '9999-12-31'),
(351, 39, 9, '606310', 'FALSE', '2022-11-29', '9999-12-31'),
(352, 40, 1, '01', 'FALSE', '2022-11-29', '9999-12-31'),
(353, 40, 2, '144', 'FALSE', '2022-11-29', '9999-12-31'),
(354, 40, 3, '9900 5971 1999', 'FALSE', '2022-11-29', '9999-12-31'),
(355, 40, 4, '7303', 'FALSE', '2022-11-29', '9999-12-31'),
(356, 40, 5, '10037 10160 58294 17330 74742 92783 15120', 'FALSE', '2022-11-29', '9999-12-31'),
(357, 40, 6, '14201 50408', 'FALSE', '2022-11-29', '9999-12-31'),
(358, 40, 7, '27681', 'FALSE', '2022-11-29', '9999-12-31'),
(359, 40, 8, '32250', 'FALSE', '2022-11-29', '9999-12-31'),
(360, 40, 9, '928658', 'FALSE', '2022-11-29', '9999-12-31'),
(361, 41, 1, '12', 'FALSE', '2022-11-29', '9999-12-31'),
(362, 41, 2, '979', 'FALSE', '2022-11-29', '9999-12-31'),
(363, 41, 3, '9035 0282 5723', 'FALSE', '2022-11-29', '9999-12-31'),
(364, 41, 4, '8041', 'FALSE', '2022-11-29', '9999-12-31'),
(365, 41, 5, '03937 31532 03422 26779 53949 51136 19174', 'FALSE', '2022-11-29', '9999-12-31'),
(366, 41, 6, '74476 76233', 'FALSE', '2022-11-29', '9999-12-31'),
(367, 41, 7, '06793', 'FALSE', '2022-11-29', '9999-12-31'),
(368, 41, 8, '73556', 'FALSE', '2022-11-29', '9999-12-31'),
(369, 41, 9, '101232', 'FALSE', '2022-11-29', '9999-12-31'),
(370, 42, 1, '03', 'FALSE', '2022-11-29', '9999-12-31'),
(371, 42, 2, '527', 'FALSE', '2022-11-29', '9999-12-31'),
(372, 42, 3, '8905 4903 1051', 'FALSE', '2022-11-29', '9999-12-31'),
(373, 42, 4, '2920', 'FALSE', '2022-11-29', '9999-12-31'),
(374, 42, 5, '24707 33359 97808 40794 25110 05242 12939', 'FALSE', '2022-11-29', '9999-12-31'),
(375, 42, 6, '75932 07286', 'FALSE', '2022-11-29', '9999-12-31'),
(376, 42, 7, '68781', 'FALSE', '2022-11-29', '9999-12-31'),
(377, 42, 8, '74375', 'FALSE', '2022-11-29', '9999-12-31'),
(378, 42, 9, '696215', 'FALSE', '2022-11-29', '9999-12-31'),
(379, 43, 1, '56', 'FALSE', '2022-11-29', '9999-12-31'),
(380, 43, 2, '395', 'FALSE', '2022-11-29', '9999-12-31'),
(381, 43, 3, '7701 6702 5883', 'FALSE', '2022-11-29', '9999-12-31'),
(382, 43, 4, '9899', 'FALSE', '2022-11-29', '9999-12-31'),
(383, 43, 5, '67200 30652 78406 77322 77876 29368 89863', 'FALSE', '2022-11-29', '9999-12-31'),
(384, 43, 6, '00116 51309', 'FALSE', '2022-11-29', '9999-12-31'),
(385, 43, 7, '09376', 'FALSE', '2022-11-29', '9999-12-31'),
(386, 43, 8, '77642', 'FALSE', '2022-11-29', '9999-12-31'),
(387, 43, 9, '635253', 'FALSE', '2022-11-29', '9999-12-31'),
(388, 44, 1, '74', 'FALSE', '2022-11-29', '9999-12-31'),
(389, 44, 2, '267', 'FALSE', '2022-11-29', '9999-12-31'),
(390, 44, 3, '1227 7470 8561', 'FALSE', '2022-11-29', '9999-12-31'),
(391, 44, 4, '3776', 'FALSE', '2022-11-29', '9999-12-31'),
(392, 44, 5, '22637 08305 36919 54926 52147 93432 60378', 'FALSE', '2022-11-29', '9999-12-31'),
(393, 44, 6, '49356 66430', 'FALSE', '2022-11-29', '9999-12-31'),
(394, 44, 7, '60161', 'FALSE', '2022-11-29', '9999-12-31'),
(395, 44, 8, '49805', 'FALSE', '2022-11-29', '9999-12-31'),
(396, 44, 9, '003081', 'FALSE', '2022-11-29', '9999-12-31'),
(397, 45, 1, '48', 'FALSE', '2022-11-29', '9999-12-31'),
(398, 45, 2, '637', 'FALSE', '2022-11-29', '9999-12-31'),
(399, 45, 3, '4600 9780 6103', 'FALSE', '2022-11-29', '9999-12-31'),
(400, 45, 4, '7443', 'FALSE', '2022-11-29', '9999-12-31'),
(401, 45, 5, '31507 72485 35188 61395 88764 60019 49619', 'FALSE', '2022-11-29', '9999-12-31'),
(402, 45, 6, '09653 51804', 'FALSE', '2022-11-29', '9999-12-31'),
(403, 45, 7, '34856', 'FALSE', '2022-11-29', '9999-12-31'),
(404, 45, 8, '13862', 'FALSE', '2022-11-29', '9999-12-31'),
(405, 45, 9, '465755', 'FALSE', '2022-11-29', '9999-12-31'),
(406, 46, 1, '97', 'FALSE', '2022-11-29', '9999-12-31'),
(407, 46, 2, '486', 'FALSE', '2022-11-29', '9999-12-31'),
(408, 46, 3, '4296 0036 0990', 'FALSE', '2022-11-29', '9999-12-31'),
(409, 46, 4, '4079', 'FALSE', '2022-11-29', '9999-12-31'),
(410, 46, 5, '47966 89152 70339 19578 00527 46762 09801', 'FALSE', '2022-11-29', '9999-12-31'),
(411, 46, 6, '54132 63104', 'FALSE', '2022-11-29', '9999-12-31'),
(412, 46, 7, '63555', 'FALSE', '2022-11-29', '9999-12-31'),
(413, 46, 8, '21744', 'FALSE', '2022-11-29', '9999-12-31'),
(414, 46, 9, '114966', 'FALSE', '2022-11-29', '9999-12-31'),
(415, 47, 1, '38', 'FALSE', '2022-11-29', '9999-12-31'),
(416, 47, 2, '342', 'FALSE', '2022-11-29', '9999-12-31'),
(417, 47, 3, '2347 6399 4276', 'FALSE', '2022-11-29', '9999-12-31'),
(418, 47, 4, '9703', 'FALSE', '2022-11-29', '9999-12-31'),
(419, 47, 5, '73920 45459 44405 34417 85869 96384 10348', 'FALSE', '2022-11-29', '9999-12-31'),
(420, 47, 6, '93531 46699', 'FALSE', '2022-11-29', '9999-12-31'),
(421, 47, 7, '36050', 'FALSE', '2022-11-29', '9999-12-31'),
(422, 47, 8, '50350', 'FALSE', '2022-11-29', '9999-12-31'),
(423, 47, 9, '849725', 'FALSE', '2022-11-29', '9999-12-31'),
(424, 48, 1, '91', 'FALSE', '2022-11-29', '9999-12-31'),
(425, 48, 2, '749', 'FALSE', '2022-11-29', '9999-12-31'),
(426, 48, 3, '0830 5638 4402', 'FALSE', '2022-11-29', '9999-12-31'),
(427, 48, 4, '4719', 'FALSE', '2022-11-29', '9999-12-31'),
(428, 48, 5, '96387 87236 63899 96654 64180 49366 40940', 'FALSE', '2022-11-29', '9999-12-31'),
(429, 48, 6, '88254 02223', 'FALSE', '2022-11-29', '9999-12-31'),
(430, 48, 7, '93341', 'FALSE', '2022-11-29', '9999-12-31'),
(431, 48, 8, '54507', 'FALSE', '2022-11-29', '9999-12-31'),
(432, 48, 9, '773544', 'FALSE', '2022-11-29', '9999-12-31'),
(433, 49, 1, '91', 'FALSE', '2022-11-29', '9999-12-31'),
(434, 49, 2, '122', 'FALSE', '2022-11-29', '9999-12-31'),
(435, 49, 3, '6962 3140 7102', 'FALSE', '2022-11-29', '9999-12-31'),
(436, 49, 4, '0457', 'FALSE', '2022-11-29', '9999-12-31'),
(437, 49, 5, '06626 71459 44390 79043 46111 00841 55145', 'FALSE', '2022-11-29', '9999-12-31'),
(438, 49, 6, '40626 86840', 'FALSE', '2022-11-29', '9999-12-31'),
(439, 49, 7, '12249', 'FALSE', '2022-11-29', '9999-12-31'),
(440, 49, 8, '45806', 'FALSE', '2022-11-29', '9999-12-31'),
(441, 49, 9, '438889', 'FALSE', '2022-11-29', '9999-12-31'),
(442, 50, 1, '01', 'FALSE', '2022-11-29', '9999-12-31'),
(443, 50, 2, '394', 'FALSE', '2022-11-29', '9999-12-31'),
(444, 50, 3, '7741 4693 8140', 'FALSE', '2022-11-29', '9999-12-31'),
(445, 50, 4, '5463', 'FALSE', '2022-11-29', '9999-12-31'),
(446, 50, 5, '65784 86876 77737 70501 41637 12234 73935', 'FALSE', '2022-11-29', '9999-12-31'),
(447, 50, 6, '70703 53211', 'FALSE', '2022-11-29', '9999-12-31'),
(448, 50, 7, '20708', 'FALSE', '2022-11-29', '9999-12-31'),
(449, 50, 8, '69778', 'FALSE', '2022-11-29', '9999-12-31'),
(450, 50, 9, '289076', 'FALSE', '2022-11-29', '9999-12-31'),
(451, 51, 1, '79', 'FALSE', '2022-11-29', '9999-12-31'),
(452, 51, 2, '839', 'FALSE', '2022-11-29', '9999-12-31'),
(453, 51, 3, '1640 7278 3743', 'FALSE', '2022-11-29', '9999-12-31'),
(454, 51, 4, '7843', 'FALSE', '2022-11-29', '9999-12-31'),
(455, 51, 5, '13950 75819 92909 97648 94257 89975 81458', 'FALSE', '2022-11-29', '9999-12-31'),
(456, 51, 6, '26921 49307', 'FALSE', '2022-11-29', '9999-12-31'),
(457, 51, 7, '95376', 'FALSE', '2022-11-29', '9999-12-31'),
(458, 51, 8, '07369', 'FALSE', '2022-11-29', '9999-12-31'),
(459, 51, 9, '602856', 'FALSE', '2022-11-29', '9999-12-31'),
(460, 52, 1, '59', 'FALSE', '2022-11-29', '9999-12-31'),
(461, 52, 2, '587', 'FALSE', '2022-11-29', '9999-12-31'),
(462, 52, 3, '2884 9918 6181', 'FALSE', '2022-11-29', '9999-12-31'),
(463, 52, 4, '2954', 'FALSE', '2022-11-29', '9999-12-31'),
(464, 52, 5, '43243 43715 39710 31411 77451 22676 83258', 'FALSE', '2022-11-29', '9999-12-31'),
(465, 52, 6, '90802 01569', 'FALSE', '2022-11-29', '9999-12-31'),
(466, 52, 7, '07478', 'FALSE', '2022-11-29', '9999-12-31'),
(467, 52, 8, '81072', 'FALSE', '2022-11-29', '9999-12-31'),
(468, 52, 9, '071559', 'FALSE', '2022-11-29', '9999-12-31'),
(469, 53, 1, '65', 'FALSE', '2022-11-29', '9999-12-31'),
(470, 53, 2, '516', 'FALSE', '2022-11-29', '9999-12-31'),
(471, 53, 3, '0866 4838 2649', 'FALSE', '2022-11-29', '9999-12-31'),
(472, 53, 4, '7673', 'FALSE', '2022-11-29', '9999-12-31'),
(473, 53, 5, '95545 76709 52143 92857 71441 52517 62935', 'FALSE', '2022-11-29', '9999-12-31'),
(474, 53, 6, '61843 83576', 'FALSE', '2022-11-29', '9999-12-31'),
(475, 53, 7, '05014', 'FALSE', '2022-11-29', '9999-12-31'),
(476, 53, 8, '56536', 'FALSE', '2022-11-29', '9999-12-31'),
(477, 53, 9, '929130', 'FALSE', '2022-11-29', '9999-12-31'),
(478, 54, 1, '67', 'FALSE', '2022-11-29', '9999-12-31'),
(479, 54, 2, '099', 'FALSE', '2022-11-29', '9999-12-31'),
(480, 54, 3, '7820 9036 8611', 'FALSE', '2022-11-29', '9999-12-31'),
(481, 54, 4, '9451', 'FALSE', '2022-11-29', '9999-12-31'),
(482, 54, 5, '79814 96240 90793 62178 68200 53579 89060', 'FALSE', '2022-11-29', '9999-12-31'),
(483, 54, 6, '87641 65073', 'FALSE', '2022-11-29', '9999-12-31'),
(484, 54, 7, '52275', 'FALSE', '2022-11-29', '9999-12-31'),
(485, 54, 8, '78240', 'FALSE', '2022-11-29', '9999-12-31'),
(486, 54, 9, '856327', 'FALSE', '2022-11-29', '9999-12-31'),
(487, 55, 1, '38', 'FALSE', '2022-11-29', '9999-12-31'),
(488, 55, 2, '772', 'FALSE', '2022-11-29', '9999-12-31'),
(489, 55, 3, '3808 7287 4734', 'FALSE', '2022-11-29', '9999-12-31'),
(490, 55, 4, '6253', 'FALSE', '2022-11-29', '9999-12-31'),
(491, 55, 5, '52229 46483 33203 76064 25687 99874 94258', 'FALSE', '2022-11-29', '9999-12-31'),
(492, 55, 6, '53081 30765', 'FALSE', '2022-11-29', '9999-12-31'),
(493, 55, 7, '76240', 'FALSE', '2022-11-29', '9999-12-31'),
(494, 55, 8, '49533', 'FALSE', '2022-11-29', '9999-12-31'),
(495, 55, 9, '114125', 'FALSE', '2022-11-29', '9999-12-31'),
(496, 56, 1, '21', 'FALSE', '2022-11-29', '9999-12-31'),
(497, 56, 2, '455', 'FALSE', '2022-11-29', '9999-12-31'),
(498, 56, 3, '4896 2726 8752', 'FALSE', '2022-11-29', '9999-12-31'),
(499, 56, 4, '2544', 'FALSE', '2022-11-29', '9999-12-31'),
(500, 56, 5, '60218 15269 17976 36796 26813 87966 31685', 'FALSE', '2022-11-29', '9999-12-31'),
(501, 56, 6, '10196 31809', 'FALSE', '2022-11-29', '9999-12-31'),
(502, 56, 7, '20284', 'FALSE', '2022-11-29', '9999-12-31'),
(503, 56, 8, '49480', 'FALSE', '2022-11-29', '9999-12-31'),
(504, 56, 9, '280219', 'FALSE', '2022-11-29', '9999-12-31'),
(505, 57, 1, '85', 'FALSE', '2022-11-29', '9999-12-31'),
(506, 57, 2, '320', 'FALSE', '2022-11-29', '9999-12-31'),
(507, 57, 3, '3368 7610 2873', 'FALSE', '2022-11-29', '9999-12-31'),
(508, 57, 4, '2519', 'FALSE', '2022-11-29', '9999-12-31'),
(509, 57, 5, '93804 54060 98371 53721 44033 25866 59432', 'FALSE', '2022-11-29', '9999-12-31'),
(510, 57, 6, '70884 76651', 'FALSE', '2022-11-29', '9999-12-31'),
(511, 57, 7, '51194', 'FALSE', '2022-11-29', '9999-12-31'),
(512, 57, 8, '63490', 'FALSE', '2022-11-29', '9999-12-31'),
(513, 57, 9, '871939', 'FALSE', '2022-11-29', '9999-12-31'),
(514, 58, 1, '43', 'FALSE', '2022-11-29', '9999-12-31'),
(515, 58, 2, '179', 'FALSE', '2022-11-29', '9999-12-31'),
(516, 58, 3, '2473 8373 2144', 'FALSE', '2022-11-29', '9999-12-31'),
(517, 58, 4, '8386', 'FALSE', '2022-11-29', '9999-12-31'),
(518, 58, 5, '01798 19660 32246 04223 88596 21409 67457', 'FALSE', '2022-11-29', '9999-12-31'),
(519, 58, 6, '74720 94345', 'FALSE', '2022-11-29', '9999-12-31'),
(520, 58, 7, '21817', 'FALSE', '2022-11-29', '9999-12-31'),
(521, 58, 8, '98239', 'FALSE', '2022-11-29', '9999-12-31'),
(522, 58, 9, '167038', 'FALSE', '2022-11-29', '9999-12-31'),
(523, 59, 1, '63', 'FALSE', '2022-11-29', '9999-12-31'),
(524, 59, 2, '083', 'FALSE', '2022-11-29', '9999-12-31'),
(525, 59, 3, '2469 5424 2251', 'FALSE', '2022-11-29', '9999-12-31'),
(526, 59, 4, '2303', 'FALSE', '2022-11-29', '9999-12-31'),
(527, 59, 5, '62473 43255 00107 45438 43156 20703 37094', 'FALSE', '2022-11-29', '9999-12-31'),
(528, 59, 6, '00377 35913', 'FALSE', '2022-11-29', '9999-12-31'),
(529, 59, 7, '76572', 'FALSE', '2022-11-29', '9999-12-31'),
(530, 59, 8, '90050', 'FALSE', '2022-11-29', '9999-12-31'),
(531, 59, 9, '423071', 'FALSE', '2022-11-29', '9999-12-31'),
(532, 60, 1, '06', 'FALSE', '2022-11-29', '9999-12-31'),
(533, 60, 2, '816', 'FALSE', '2022-11-29', '9999-12-31'),
(534, 60, 3, '9426 1135 8247', 'FALSE', '2022-11-29', '9999-12-31'),
(535, 60, 4, '1888', 'FALSE', '2022-11-29', '9999-12-31'),
(536, 60, 5, '50453 06255 61631 13568 32588 29397 21186', 'FALSE', '2022-11-29', '9999-12-31'),
(537, 60, 6, '93437 34515', 'FALSE', '2022-11-29', '9999-12-31'),
(538, 60, 7, '54459', 'FALSE', '2022-11-29', '9999-12-31'),
(539, 60, 8, '96038', 'FALSE', '2022-11-29', '9999-12-31'),
(540, 60, 9, '337741', 'FALSE', '2022-11-29', '9999-12-31'),
(541, 61, 1, '53', 'FALSE', '2022-11-29', '9999-12-31'),
(542, 61, 2, '808', 'FALSE', '2022-11-29', '9999-12-31'),
(543, 61, 3, '0974 7632 6676', 'FALSE', '2022-11-29', '9999-12-31'),
(544, 61, 4, '3155', 'FALSE', '2022-11-29', '9999-12-31'),
(545, 61, 5, '37193 34549 12059 95777 93871 37513 75601', 'FALSE', '2022-11-29', '9999-12-31'),
(546, 61, 6, '57827 60767', 'FALSE', '2022-11-29', '9999-12-31'),
(547, 61, 7, '23740', 'FALSE', '2022-11-29', '9999-12-31'),
(548, 61, 8, '20588', 'FALSE', '2022-11-29', '9999-12-31'),
(549, 61, 9, '900596', 'FALSE', '2022-11-29', '9999-12-31'),
(550, 62, 1, '82', 'FALSE', '2022-11-29', '9999-12-31'),
(551, 62, 2, '905', 'FALSE', '2022-11-29', '9999-12-31'),
(552, 62, 3, '2759 9985 9389', 'FALSE', '2022-11-29', '9999-12-31'),
(553, 62, 4, '5773', 'FALSE', '2022-11-29', '9999-12-31'),
(554, 62, 5, '75349 49666 19901 87836 93023 91351 47269', 'FALSE', '2022-11-29', '9999-12-31'),
(555, 62, 6, '22993 60368', 'FALSE', '2022-11-29', '9999-12-31'),
(556, 62, 7, '73570', 'FALSE', '2022-11-29', '9999-12-31'),
(557, 62, 8, '94935', 'FALSE', '2022-11-29', '9999-12-31'),
(558, 62, 9, '719984', 'FALSE', '2022-11-29', '9999-12-31'),
(559, 63, 1, '46', 'FALSE', '2022-11-29', '9999-12-31'),
(560, 63, 2, '555', 'FALSE', '2022-11-29', '9999-12-31'),
(561, 63, 3, '5026 6143 5286', 'FALSE', '2022-11-29', '9999-12-31'),
(562, 63, 4, '5831', 'FALSE', '2022-11-29', '9999-12-31'),
(563, 63, 5, '32222 07661 26605 63918 31596 96484 05498', 'FALSE', '2022-11-29', '9999-12-31'),
(564, 63, 6, '90189 21048', 'FALSE', '2022-11-29', '9999-12-31'),
(565, 63, 7, '63284', 'FALSE', '2022-11-29', '9999-12-31'),
(566, 63, 8, '99574', 'FALSE', '2022-11-29', '9999-12-31'),
(567, 63, 9, '261399', 'FALSE', '2022-11-29', '9999-12-31'),
(568, 64, 1, '75', 'FALSE', '2022-11-29', '9999-12-31'),
(569, 64, 2, '542', 'FALSE', '2022-11-29', '9999-12-31'),
(570, 64, 3, '1615 0190 7825', 'FALSE', '2022-11-29', '9999-12-31'),
(571, 64, 4, '8755', 'FALSE', '2022-11-29', '9999-12-31'),
(572, 64, 5, '40769 48167 66302 37097 19165 65834 02827', 'FALSE', '2022-11-29', '9999-12-31'),
(573, 64, 6, '34896 64909', 'FALSE', '2022-11-29', '9999-12-31'),
(574, 64, 7, '88782', 'FALSE', '2022-11-29', '9999-12-31'),
(575, 64, 8, '95624', 'FALSE', '2022-11-29', '9999-12-31'),
(576, 64, 9, '116893', 'FALSE', '2022-11-29', '9999-12-31'),
(577, 65, 1, '10', 'FALSE', '2022-11-29', '9999-12-31'),
(578, 65, 2, '926', 'FALSE', '2022-11-29', '9999-12-31'),
(579, 65, 3, '1820 9736 7418', 'FALSE', '2022-11-29', '9999-12-31'),
(580, 65, 4, '5450', 'FALSE', '2022-11-29', '9999-12-31'),
(581, 65, 5, '13222 56147 73613 63779 24350 74273 42100', 'FALSE', '2022-11-29', '9999-12-31'),
(582, 65, 6, '87853 98406', 'FALSE', '2022-11-29', '9999-12-31'),
(583, 65, 7, '31997', 'FALSE', '2022-11-29', '9999-12-31'),
(584, 65, 8, '28967', 'FALSE', '2022-11-29', '9999-12-31'),
(585, 65, 9, '523839', 'FALSE', '2022-11-29', '9999-12-31'),
(586, 66, 1, '55', 'FALSE', '2022-11-29', '9999-12-31'),
(587, 66, 2, '564', 'FALSE', '2022-11-29', '9999-12-31'),
(588, 66, 3, '3494 6865 0915', 'FALSE', '2022-11-29', '9999-12-31'),
(589, 66, 4, '0969', 'FALSE', '2022-11-29', '9999-12-31'),
(590, 66, 5, '75445 94450 49035 24222 03445 36782 62186', 'FALSE', '2022-11-29', '9999-12-31'),
(591, 66, 6, '02655 99691', 'FALSE', '2022-11-29', '9999-12-31'),
(592, 66, 7, '62041', 'FALSE', '2022-11-29', '9999-12-31'),
(593, 66, 8, '31486', 'FALSE', '2022-11-29', '9999-12-31'),
(594, 66, 9, '146610', 'FALSE', '2022-11-29', '9999-12-31'),
(595, 67, 1, '93', 'FALSE', '2022-11-29', '9999-12-31'),
(596, 67, 2, '579', 'FALSE', '2022-11-29', '9999-12-31'),
(597, 67, 3, '0352 8028 0656', 'FALSE', '2022-11-29', '9999-12-31'),
(598, 67, 4, '5374', 'FALSE', '2022-11-29', '9999-12-31'),
(599, 67, 5, '27445 91222 90065 07030 34266 19364 50884', 'FALSE', '2022-11-29', '9999-12-31'),
(600, 67, 6, '36125 17324', 'FALSE', '2022-11-29', '9999-12-31'),
(601, 67, 7, '70323', 'FALSE', '2022-11-29', '9999-12-31'),
(602, 67, 8, '81932', 'FALSE', '2022-11-29', '9999-12-31'),
(603, 67, 9, '687609', 'FALSE', '2022-11-29', '9999-12-31'),
(604, 68, 1, '55', 'FALSE', '2022-11-29', '9999-12-31'),
(605, 68, 2, '949', 'FALSE', '2022-11-29', '9999-12-31'),
(606, 68, 3, '3937 4761 6579', 'FALSE', '2022-11-29', '9999-12-31'),
(607, 68, 4, '0406', 'FALSE', '2022-11-29', '9999-12-31'),
(608, 68, 5, '69442 11626 43329 70081 98117 06346 70224', 'FALSE', '2022-11-29', '9999-12-31'),
(609, 68, 6, '15314 93421', 'FALSE', '2022-11-29', '9999-12-31'),
(610, 68, 7, '74219', 'FALSE', '2022-11-29', '9999-12-31'),
(611, 68, 8, '36426', 'FALSE', '2022-11-29', '9999-12-31'),
(612, 68, 9, '465257', 'FALSE', '2022-11-29', '9999-12-31'),
(613, 69, 1, '79', 'FALSE', '2022-11-29', '9999-12-31'),
(614, 69, 2, '250', 'FALSE', '2022-11-29', '9999-12-31'),
(615, 69, 3, '1218 7351 6807', 'FALSE', '2022-11-29', '9999-12-31'),
(616, 69, 4, '3380', 'FALSE', '2022-11-29', '9999-12-31'),
(617, 69, 5, '08613 22089 42283 00131 91778 72197 54312', 'FALSE', '2022-11-29', '9999-12-31'),
(618, 69, 6, '00693 29677', 'FALSE', '2022-11-29', '9999-12-31'),
(619, 69, 7, '87980', 'FALSE', '2022-11-29', '9999-12-31'),
(620, 69, 8, '61612', 'FALSE', '2022-11-29', '9999-12-31'),
(621, 69, 9, '170917', 'FALSE', '2022-11-29', '9999-12-31'),
(622, 70, 1, '40', 'FALSE', '2022-11-29', '9999-12-31'),
(623, 70, 2, '760', 'FALSE', '2022-11-29', '9999-12-31'),
(624, 70, 3, '9376 9060 0669', 'FALSE', '2022-11-29', '9999-12-31'),
(625, 70, 4, '8224', 'FALSE', '2022-11-29', '9999-12-31'),
(626, 70, 5, '39438 27826 10782 26308 97128 67362 60208', 'FALSE', '2022-11-29', '9999-12-31'),
(627, 70, 6, '38345 85975', 'FALSE', '2022-11-29', '9999-12-31'),
(628, 70, 7, '82287', 'FALSE', '2022-11-29', '9999-12-31'),
(629, 70, 8, '31521', 'FALSE', '2022-11-29', '9999-12-31'),
(630, 70, 9, '913567', 'FALSE', '2022-11-29', '9999-12-31'),
(631, 71, 1, '88', 'FALSE', '2022-11-29', '9999-12-31'),
(632, 71, 2, '396', 'FALSE', '2022-11-29', '9999-12-31'),
(633, 71, 3, '0054 9078 9607', 'FALSE', '2022-11-29', '9999-12-31'),
(634, 71, 4, '8104', 'FALSE', '2022-11-29', '9999-12-31'),
(635, 71, 5, '58142 49648 82959 59552 20397 27393 29307', 'FALSE', '2022-11-29', '9999-12-31'),
(636, 71, 6, '48895 47793', 'FALSE', '2022-11-29', '9999-12-31'),
(637, 71, 7, '91491', 'FALSE', '2022-11-29', '9999-12-31'),
(638, 71, 8, '03395', 'FALSE', '2022-11-29', '9999-12-31'),
(639, 71, 9, '466591', 'FALSE', '2022-11-29', '9999-12-31'),
(640, 72, 1, '95', 'FALSE', '2022-11-29', '9999-12-31'),
(641, 72, 2, '036', 'FALSE', '2022-11-29', '9999-12-31'),
(642, 72, 3, '8524 8183 0702', 'FALSE', '2022-11-29', '9999-12-31'),
(643, 72, 4, '7939', 'FALSE', '2022-11-29', '9999-12-31'),
(644, 72, 5, '11920 33137 23724 80712 67506 53162 44280', 'FALSE', '2022-11-29', '9999-12-31'),
(645, 72, 6, '58600 00734', 'FALSE', '2022-11-29', '9999-12-31'),
(646, 72, 7, '38955', 'FALSE', '2022-11-29', '9999-12-31'),
(647, 72, 8, '49723', 'FALSE', '2022-11-29', '9999-12-31'),
(648, 72, 9, '004645', 'FALSE', '2022-11-29', '9999-12-31'),
(649, 73, 1, '84', 'FALSE', '2022-11-29', '9999-12-31'),
(650, 73, 2, '495', 'FALSE', '2022-11-29', '9999-12-31'),
(651, 73, 3, '2987 8849 7533', 'FALSE', '2022-11-29', '9999-12-31'),
(652, 73, 4, '3520', 'FALSE', '2022-11-29', '9999-12-31'),
(653, 73, 5, '56506 77425 17030 70358 22420 82744 16754', 'FALSE', '2022-11-29', '9999-12-31'),
(654, 73, 6, '07959 47384', 'FALSE', '2022-11-29', '9999-12-31'),
(655, 73, 7, '74888', 'FALSE', '2022-11-29', '9999-12-31'),
(656, 73, 8, '38128', 'FALSE', '2022-11-29', '9999-12-31'),
(657, 73, 9, '237945', 'FALSE', '2022-11-29', '9999-12-31'),
(658, 74, 1, '38', 'FALSE', '2022-11-29', '9999-12-31'),
(659, 74, 2, '776', 'FALSE', '2022-11-29', '9999-12-31'),
(660, 74, 3, '4935 4137 4453', 'FALSE', '2022-11-29', '9999-12-31'),
(661, 74, 4, '2514', 'FALSE', '2022-11-29', '9999-12-31'),
(662, 74, 5, '62702 06757 75996 25025 34464 14407 01990', 'FALSE', '2022-11-29', '9999-12-31'),
(663, 74, 6, '19110 34355', 'FALSE', '2022-11-29', '9999-12-31'),
(664, 74, 7, '06482', 'FALSE', '2022-11-29', '9999-12-31'),
(665, 74, 8, '55652', 'FALSE', '2022-11-29', '9999-12-31'),
(666, 74, 9, '573288', 'FALSE', '2022-11-29', '9999-12-31'),
(667, 75, 1, '66', 'FALSE', '2022-11-29', '9999-12-31'),
(668, 75, 2, '886', 'FALSE', '2022-11-29', '9999-12-31'),
(669, 75, 3, '3989 8511 5137', 'FALSE', '2022-11-29', '9999-12-31'),
(670, 75, 4, '9206', 'FALSE', '2022-11-29', '9999-12-31'),
(671, 75, 5, '35323 40376 49206 60699 30226 49351 29457', 'FALSE', '2022-11-29', '9999-12-31'),
(672, 75, 6, '45976 94943', 'FALSE', '2022-11-29', '9999-12-31'),
(673, 75, 7, '93105', 'FALSE', '2022-11-29', '9999-12-31'),
(674, 75, 8, '11140', 'FALSE', '2022-11-29', '9999-12-31'),
(675, 75, 9, '727526', 'FALSE', '2022-11-29', '9999-12-31'),
(676, 76, 1, '44', 'FALSE', '2022-11-29', '9999-12-31'),
(677, 76, 2, '857', 'FALSE', '2022-11-29', '9999-12-31'),
(678, 76, 3, '5305 9228 9780', 'FALSE', '2022-11-29', '9999-12-31'),
(679, 76, 4, '8490', 'FALSE', '2022-11-29', '9999-12-31'),
(680, 76, 5, '28011 01911 72099 46765 94656 50959 83556', 'FALSE', '2022-11-29', '9999-12-31'),
(681, 76, 6, '27887 74775', 'FALSE', '2022-11-29', '9999-12-31'),
(682, 76, 7, '89607', 'FALSE', '2022-11-29', '9999-12-31'),
(683, 76, 8, '10922', 'FALSE', '2022-11-29', '9999-12-31'),
(684, 76, 9, '790235', 'FALSE', '2022-11-29', '9999-12-31'),
(685, 77, 1, '01', 'FALSE', '2022-11-29', '9999-12-31'),
(686, 77, 2, '428', 'FALSE', '2022-11-29', '9999-12-31'),
(687, 77, 3, '1535 1364 9771', 'FALSE', '2022-11-29', '9999-12-31'),
(688, 77, 4, '6892', 'FALSE', '2022-11-29', '9999-12-31'),
(689, 77, 5, '02435 45046 87200 24100 14533 34873 70735', 'FALSE', '2022-11-29', '9999-12-31'),
(690, 77, 6, '11567 02641', 'FALSE', '2022-11-29', '9999-12-31'),
(691, 77, 7, '14374', 'FALSE', '2022-11-29', '9999-12-31'),
(692, 77, 8, '80497', 'FALSE', '2022-11-29', '9999-12-31'),
(693, 77, 9, '583491', 'FALSE', '2022-11-29', '9999-12-31'),
(694, 78, 1, '06', 'FALSE', '2022-11-29', '9999-12-31'),
(695, 78, 2, '083', 'FALSE', '2022-11-29', '9999-12-31'),
(696, 78, 3, '5623 5013 2029', 'FALSE', '2022-11-29', '9999-12-31'),
(697, 78, 4, '7615', 'FALSE', '2022-11-29', '9999-12-31'),
(698, 78, 5, '78028 26729 98130 08388 60132 46579 25097', 'FALSE', '2022-11-29', '9999-12-31'),
(699, 78, 6, '06077 36191', 'FALSE', '2022-11-29', '9999-12-31'),
(700, 78, 7, '40878', 'FALSE', '2022-11-29', '9999-12-31'),
(701, 78, 8, '23728', 'FALSE', '2022-11-29', '9999-12-31'),
(702, 78, 9, '365567', 'FALSE', '2022-11-29', '9999-12-31'),
(703, 79, 1, '03', 'FALSE', '2022-11-29', '9999-12-31'),
(704, 79, 2, '889', 'FALSE', '2022-11-29', '9999-12-31'),
(705, 79, 3, '2951 5799 3120', 'FALSE', '2022-11-29', '9999-12-31'),
(706, 79, 4, '4381', 'FALSE', '2022-11-29', '9999-12-31'),
(707, 79, 5, '84100 60467 80768 42951 88853 80610 70352', 'FALSE', '2022-11-29', '9999-12-31'),
(708, 79, 6, '57628 10952', 'FALSE', '2022-11-29', '9999-12-31'),
(709, 79, 7, '46107', 'FALSE', '2022-11-29', '9999-12-31'),
(710, 79, 8, '48394', 'FALSE', '2022-11-29', '9999-12-31'),
(711, 79, 9, '286806', 'FALSE', '2022-11-29', '9999-12-31'),
(712, 80, 1, '19', 'FALSE', '2022-11-29', '9999-12-31'),
(713, 80, 2, '219', 'FALSE', '2022-11-29', '9999-12-31'),
(714, 80, 3, '7994 5938 7234', 'FALSE', '2022-11-29', '9999-12-31'),
(715, 80, 4, '2255', 'FALSE', '2022-11-29', '9999-12-31'),
(716, 80, 5, '25925 19384 11575 47654 77602 95026 92597', 'FALSE', '2022-11-29', '9999-12-31'),
(717, 80, 6, '68651 70365', 'FALSE', '2022-11-29', '9999-12-31'),
(718, 80, 7, '37583', 'FALSE', '2022-11-29', '9999-12-31'),
(719, 80, 8, '61946', 'FALSE', '2022-11-29', '9999-12-31'),
(720, 80, 9, '046233', 'FALSE', '2022-11-29', '9999-12-31'),
(721, 81, 1, '43', 'FALSE', '2022-11-29', '9999-12-31'),
(722, 81, 2, '139', 'FALSE', '2022-11-29', '9999-12-31'),
(723, 81, 3, '6865 1135 0352', 'FALSE', '2022-11-29', '9999-12-31'),
(724, 81, 4, '9247', 'FALSE', '2022-11-29', '9999-12-31'),
(725, 81, 5, '90880 57750 64004 15128 72920 48558 07064', 'FALSE', '2022-11-29', '9999-12-31'),
(726, 81, 6, '69541 51907', 'FALSE', '2022-11-29', '9999-12-31'),
(727, 81, 7, '26251', 'FALSE', '2022-11-29', '9999-12-31'),
(728, 81, 8, '36232', 'FALSE', '2022-11-29', '9999-12-31'),
(729, 81, 9, '395698', 'FALSE', '2022-11-29', '9999-12-31'),
(730, 82, 1, '51', 'FALSE', '2022-11-29', '9999-12-31'),
(731, 82, 2, '816', 'FALSE', '2022-11-29', '9999-12-31'),
(732, 82, 3, '1498 0181 5487', 'FALSE', '2022-11-29', '9999-12-31'),
(733, 82, 4, '0354', 'FALSE', '2022-11-29', '9999-12-31'),
(734, 82, 5, '55864 18399 34328 30012 91745 93432 16539', 'FALSE', '2022-11-29', '9999-12-31'),
(735, 82, 6, '03891 45070', 'FALSE', '2022-11-29', '9999-12-31'),
(736, 82, 7, '83675', 'FALSE', '2022-11-29', '9999-12-31'),
(737, 82, 8, '86631', 'FALSE', '2022-11-29', '9999-12-31'),
(738, 82, 9, '244392', 'FALSE', '2022-11-29', '9999-12-31'),
(739, 83, 1, '64', 'FALSE', '2022-11-29', '9999-12-31'),
(740, 83, 2, '099', 'FALSE', '2022-11-29', '9999-12-31'),
(741, 83, 3, '9894 6614 2382', 'FALSE', '2022-11-29', '9999-12-31'),
(742, 83, 4, '2779', 'FALSE', '2022-11-29', '9999-12-31'),
(743, 83, 5, '83718 33166 23975 34395 07675 66466 07815', 'FALSE', '2022-11-29', '9999-12-31'),
(744, 83, 6, '70173 68901', 'FALSE', '2022-11-29', '9999-12-31'),
(745, 83, 7, '46402', 'FALSE', '2022-11-29', '9999-12-31'),
(746, 83, 8, '80214', 'FALSE', '2022-11-29', '9999-12-31'),
(747, 83, 9, '132764', 'FALSE', '2022-11-29', '9999-12-31'),
(748, 84, 1, '67', 'FALSE', '2022-11-29', '9999-12-31'),
(749, 84, 2, '866', 'FALSE', '2022-11-29', '9999-12-31'),
(750, 84, 3, '4571 6426 6705', 'FALSE', '2022-11-29', '9999-12-31'),
(751, 84, 4, '7982', 'FALSE', '2022-11-29', '9999-12-31'),
(752, 84, 5, '92509 34489 91645 04083 36567 12106 57238', 'FALSE', '2022-11-29', '9999-12-31'),
(753, 84, 6, '36977 28973', 'FALSE', '2022-11-29', '9999-12-31'),
(754, 84, 7, '56054', 'FALSE', '2022-11-29', '9999-12-31'),
(755, 84, 8, '42499', 'FALSE', '2022-11-29', '9999-12-31'),
(756, 84, 9, '515051', 'FALSE', '2022-11-29', '9999-12-31'),
(757, 85, 1, '41', 'FALSE', '2022-11-29', '9999-12-31'),
(758, 85, 2, '393', 'FALSE', '2022-11-29', '9999-12-31'),
(759, 85, 3, '3999 7833 3507', 'FALSE', '2022-11-29', '9999-12-31'),
(760, 85, 4, '4755', 'FALSE', '2022-11-29', '9999-12-31'),
(761, 85, 5, '79029 64450 26476 69380 22545 31289 50605', 'FALSE', '2022-11-29', '9999-12-31'),
(762, 85, 6, '61749 63393', 'FALSE', '2022-11-29', '9999-12-31'),
(763, 85, 7, '94224', 'FALSE', '2022-11-29', '9999-12-31'),
(764, 85, 8, '14090', 'FALSE', '2022-11-29', '9999-12-31'),
(765, 85, 9, '402338', 'FALSE', '2022-11-29', '9999-12-31'),
(766, 86, 1, '03', 'FALSE', '2022-11-29', '9999-12-31'),
(767, 86, 2, '536', 'FALSE', '2022-11-29', '9999-12-31'),
(768, 86, 3, '1317 9583 5066', 'FALSE', '2022-11-29', '9999-12-31'),
(769, 86, 4, '8815', 'FALSE', '2022-11-29', '9999-12-31'),
(770, 86, 5, '77916 20920 36737 25586 31613 22135 12278', 'FALSE', '2022-11-29', '9999-12-31'),
(771, 86, 6, '80315 64343', 'FALSE', '2022-11-29', '9999-12-31'),
(772, 86, 7, '25112', 'FALSE', '2022-11-29', '9999-12-31'),
(773, 86, 8, '94762', 'FALSE', '2022-11-29', '9999-12-31'),
(774, 86, 9, '976654', 'FALSE', '2022-11-29', '9999-12-31'),
(775, 87, 1, '54', 'FALSE', '2022-11-29', '9999-12-31'),
(776, 87, 2, '253', 'FALSE', '2022-11-29', '9999-12-31'),
(777, 87, 3, '3585 8811 4552', 'FALSE', '2022-11-29', '9999-12-31'),
(778, 87, 4, '1340', 'FALSE', '2022-11-29', '9999-12-31'),
(779, 87, 5, '53111 64961 31991 11849 62868 65083 88594', 'FALSE', '2022-11-29', '9999-12-31'),
(780, 87, 6, '28967 40926', 'FALSE', '2022-11-29', '9999-12-31'),
(781, 87, 7, '88519', 'FALSE', '2022-11-29', '9999-12-31'),
(782, 87, 8, '74474', 'FALSE', '2022-11-29', '9999-12-31'),
(783, 87, 9, '167474', 'FALSE', '2022-11-29', '9999-12-31'),
(784, 88, 1, '67', 'FALSE', '2022-11-29', '9999-12-31'),
(785, 88, 2, '412', 'FALSE', '2022-11-29', '9999-12-31'),
(786, 88, 3, '5298 6129 8765', 'FALSE', '2022-11-29', '9999-12-31'),
(787, 88, 4, '5354', 'FALSE', '2022-11-29', '9999-12-31'),
(788, 88, 5, '27592 97186 08587 51720 88808 08129 28078', 'FALSE', '2022-11-29', '9999-12-31'),
(789, 88, 6, '52513 36608', 'FALSE', '2022-11-29', '9999-12-31'),
(790, 88, 7, '98275', 'FALSE', '2022-11-29', '9999-12-31'),
(791, 88, 8, '70145', 'FALSE', '2022-11-29', '9999-12-31'),
(792, 88, 9, '860428', 'FALSE', '2022-11-29', '9999-12-31'),
(793, 89, 1, '52', 'FALSE', '2022-11-29', '9999-12-31');
INSERT INTO `result` (`id_re`, `id_lot`, `id_pri`, `result`, `is_delete`, `update_date`, `expried_date`) VALUES
(794, 89, 2, '770', 'FALSE', '2022-11-29', '9999-12-31'),
(795, 89, 3, '6158 9130 3312', 'FALSE', '2022-11-29', '9999-12-31'),
(796, 89, 4, '5629', 'FALSE', '2022-11-29', '9999-12-31'),
(797, 89, 5, '06980 02342 35383 38256 81674 08224 26836', 'FALSE', '2022-11-29', '9999-12-31'),
(798, 89, 6, '52163 53996', 'FALSE', '2022-11-29', '9999-12-31'),
(799, 89, 7, '31230', 'FALSE', '2022-11-29', '9999-12-31'),
(800, 89, 8, '17489', 'FALSE', '2022-11-29', '9999-12-31'),
(801, 89, 9, '730692', 'FALSE', '2022-11-29', '9999-12-31'),
(802, 90, 1, '85', 'FALSE', '2022-11-29', '9999-12-31'),
(803, 90, 2, '310', 'FALSE', '2022-11-29', '9999-12-31'),
(804, 90, 3, '2983 4966 1245', 'FALSE', '2022-11-29', '9999-12-31'),
(805, 90, 4, '4906', 'FALSE', '2022-11-29', '9999-12-31'),
(806, 90, 5, '61819 76057 48322 45012 98150 50390 69324', 'FALSE', '2022-11-29', '9999-12-31'),
(807, 90, 6, '15151 00298', 'FALSE', '2022-11-29', '9999-12-31'),
(808, 90, 7, '91958', 'FALSE', '2022-11-29', '9999-12-31'),
(809, 90, 8, '05331', 'FALSE', '2022-11-29', '9999-12-31'),
(810, 90, 9, '137922', 'FALSE', '2022-11-29', '9999-12-31'),
(811, 91, 1, '32', 'FALSE', '2022-11-29', '9999-12-31'),
(812, 91, 2, '165', 'FALSE', '2022-11-29', '9999-12-31'),
(813, 91, 3, '3605 7148 4964', 'FALSE', '2022-11-29', '9999-12-31'),
(814, 91, 4, '1471', 'FALSE', '2022-11-29', '9999-12-31'),
(815, 91, 5, '91590 52834 39791 60405 22181 47537 38303', 'FALSE', '2022-11-29', '9999-12-31'),
(816, 91, 6, '05330 00113', 'FALSE', '2022-11-29', '9999-12-31'),
(817, 91, 7, '24892', 'FALSE', '2022-11-29', '9999-12-31'),
(818, 91, 8, '59913', 'FALSE', '2022-11-29', '9999-12-31'),
(819, 91, 9, '982079', 'FALSE', '2022-11-29', '9999-12-31');

-- --------------------------------------------------------

--
-- Cấu trúc bảng cho bảng `source_dim`
--

CREATE TABLE `source_dim` (
  `id_sour` int(11) NOT NULL,
  `code_sour` varchar(50) COLLATE utf8mb4_unicode_ci DEFAULT NULL,
  `name` varchar(50) COLLATE utf8mb4_unicode_ci DEFAULT NULL,
  `url` varchar(255) COLLATE utf8mb4_unicode_ci DEFAULT NULL
) ENGINE=InnoDB DEFAULT CHARSET=utf8mb4 COLLATE=utf8mb4_unicode_ci;

--
-- Đang đổ dữ liệu cho bảng `source_dim`
--

INSERT INTO `source_dim` (`id_sour`, `code_sour`, `name`, `url`) VALUES
(1, 'xosodaiphat', 'Xổ số Đại Phát', 'https://xosodaiphat.com/xsmn-xo-so-mien-nam.html');

--
-- Chỉ mục cho các bảng đã đổ
--

--
-- Chỉ mục cho bảng `date_dim`
--
ALTER TABLE `date_dim`
  ADD PRIMARY KEY (`id_date`);

--
-- Chỉ mục cho bảng `lottery`
--
ALTER TABLE `lottery`
  ADD PRIMARY KEY (`id_lot`),
  ADD KEY `id_date` (`id_date`),
  ADD KEY `id_sour` (`id_sour`),
  ADD KEY `id_pro` (`id_pro`);

--
-- Chỉ mục cho bảng `prize_dim`
--
ALTER TABLE `prize_dim`
  ADD PRIMARY KEY (`id_pri`);

--
-- Chỉ mục cho bảng `province_dim`
--
ALTER TABLE `province_dim`
  ADD PRIMARY KEY (`id_pro`);

--
-- Chỉ mục cho bảng `result`
--
ALTER TABLE `result`
  ADD PRIMARY KEY (`id_re`),
  ADD KEY `id_lot` (`id_lot`),
  ADD KEY `id_pri` (`id_pri`);

--
-- Chỉ mục cho bảng `source_dim`
--
ALTER TABLE `source_dim`
  ADD PRIMARY KEY (`id_sour`);

--
-- AUTO_INCREMENT cho các bảng đã đổ
--

--
-- AUTO_INCREMENT cho bảng `date_dim`
--
ALTER TABLE `date_dim`
  MODIFY `id_date` int(11) NOT NULL AUTO_INCREMENT, AUTO_INCREMENT=30;

--
-- AUTO_INCREMENT cho bảng `lottery`
--
ALTER TABLE `lottery`
  MODIFY `id_lot` int(11) NOT NULL AUTO_INCREMENT, AUTO_INCREMENT=92;

--
-- AUTO_INCREMENT cho bảng `prize_dim`
--
ALTER TABLE `prize_dim`
  MODIFY `id_pri` int(11) NOT NULL AUTO_INCREMENT, AUTO_INCREMENT=10;

--
-- AUTO_INCREMENT cho bảng `province_dim`
--
ALTER TABLE `province_dim`
  MODIFY `id_pro` int(11) NOT NULL AUTO_INCREMENT, AUTO_INCREMENT=22;

--
-- AUTO_INCREMENT cho bảng `result`
--
ALTER TABLE `result`
  MODIFY `id_re` int(11) NOT NULL AUTO_INCREMENT, AUTO_INCREMENT=820;

--
-- AUTO_INCREMENT cho bảng `source_dim`
--
ALTER TABLE `source_dim`
  MODIFY `id_sour` int(11) NOT NULL AUTO_INCREMENT, AUTO_INCREMENT=2;

--
-- Các ràng buộc cho các bảng đã đổ
--

--
-- Các ràng buộc cho bảng `lottery`
--
ALTER TABLE `lottery`
  ADD CONSTRAINT `lottery_ibfk_1` FOREIGN KEY (`id_date`) REFERENCES `date_dim` (`id_date`),
  ADD CONSTRAINT `lottery_ibfk_2` FOREIGN KEY (`id_sour`) REFERENCES `source_dim` (`id_sour`),
  ADD CONSTRAINT `lottery_ibfk_3` FOREIGN KEY (`id_pro`) REFERENCES `province_dim` (`id_pro`);

--
-- Các ràng buộc cho bảng `result`
--
ALTER TABLE `result`
  ADD CONSTRAINT `result_ibfk_1` FOREIGN KEY (`id_lot`) REFERENCES `lottery` (`id_lot`),
  ADD CONSTRAINT `result_ibfk_2` FOREIGN KEY (`id_pri`) REFERENCES `prize_dim` (`id_pri`);
COMMIT;

/*!40101 SET CHARACTER_SET_CLIENT=@OLD_CHARACTER_SET_CLIENT */;
/*!40101 SET CHARACTER_SET_RESULTS=@OLD_CHARACTER_SET_RESULTS */;
/*!40101 SET COLLATION_CONNECTION=@OLD_COLLATION_CONNECTION */;
